"","WaveHeight","WaveDir","WavePeriod","WindSpeed","WindDirection","Tide","DateTime"
"3",0.8,"NW",4.8,3.7,"NNE",-0.1,2019-02-17 08:00:00
"4",0.9,"W",4.7,4.6,"N",-0.07,2019-02-17 07:00:00
"5",1,"NW",4.7,4.8,"N",-0.07,2019-02-17 06:00:00
"6",0.9,"NW",4.8,4.7,"N",-0.14,2019-02-17 05:00:00
"7",0.9,"W",4.7,5.7,"NNW",-0.23,2019-02-17 04:00:00
"8",0.7,"SE",4.8,5.3,"NNW",-0.35,2019-02-17 03:00:00
"9",0.8,"SE",4.9,3.4,"NNW",-0.44,2019-02-17 02:00:00
"10",0.7,"SE",5.1,3.8,"NNW",-0.5,2019-02-17 01:00:00
"11",0.7,"SE",5.1,4.9,"NW",-0.5,2019-02-17 00:00:00
"12",0.8,"NW",5,2.1,"NNW",-0.4,2019-02-16 23:00:00
"13",0.7,"W",5,1.9,"NNE",-0.24,2019-02-16 22:00:00
"14",0.8,"NW",4.9,2.6,"NNE",-0.04,2019-02-16 21:00:00
"15",0.7,"NW",4.3,2.8,"N",0.16,2019-02-16 20:00:00
"16",0.6,"W",4.6,5.6,"NNW",0.34,2019-02-16 19:00:00
"17",0.5,"S",4.6,4.9,"NW",0.46,2019-02-16 18:00:00
"18",0.6,"SW",4.3,3.9,"NW",0.51,2019-02-16 17:00:00
"19",0.6,"S",4.4,2.6,"W",0.46,2019-02-16 16:00:00
"20",0.6,"W",4.2,2.1,"W",0.37,2019-02-16 15:00:00
"21",0.6,"S",4.2,1.3,"W",0.23,2019-02-16 14:00:00
"22",0.5,"NW",4.2,2.3,"WNW",0.08,2019-02-16 13:00:00
"23",0.5,"SE",4.2,3.2,"WNW",-0.04,2019-02-16 12:00:00
"24",0.5,"S",4.8,2.3,"NE",-0.12,2019-02-16 11:00:00
"25",0.5,"SE",4.5,4.1,"NE",-0.15,2019-02-16 10:00:00
"26",0.5,"SE",5,4.4,"NE",-0.16,2019-02-16 09:00:00
"27",0.5,"SE",4.7,4.6,"NNE",-0.14,2019-02-16 08:00:00
"28",0.5,"SE",4.5,3.4,"NNE",-0.11,2019-02-16 07:00:00
"29",0.4,"S",4.4,3.8,"NNE",-0.08,2019-02-16 06:00:00
"30",0.5,"S",4.5,3.4,"ESE",-0.07,2019-02-16 05:00:00
"31",0.5,"SW",4.6,3.3,"SE",-0.11,2019-02-16 04:00:00
"32",0.6,"S",4.7,2.9,"SE",-0.2,2019-02-16 03:00:00
"33",0.6,"S",4.6,3,"ESE",-0.29,2019-02-16 02:00:00
"34",0.6,"S",4.4,2.8,"E",-0.37,2019-02-16 01:00:00
"35",0.7,"S",4.8,3.4,"ENE",-0.42,2019-02-16 00:00:00
"36",0.8,"S",4.9,3,"ENE",-0.42,2019-02-15 23:00:00
"37",0.8,"S",4.8,2.25,"-",-0.34,2019-02-15 22:00:00
"38",0.9,"S",5,1.5,"SE",-0.2,2019-02-15 21:00:00
"39",0.8,"S",4.9,1.9,"SSE",-0.03,2019-02-15 20:00:00
"40",0.9,"S",4.8,2.5,"S",0.14,2019-02-15 19:00:00
"41",0.9,"S",4.9,3.4,"S",0.29,2019-02-15 18:00:00
"42",0.9,"S",5,4.6,"S",0.41,2019-02-15 17:00:00
"43",1,"S",4.6,5.2,"S",0.44,2019-02-15 16:00:00
"44",0.8,"S",4.4,5.4,"S",0.41,2019-02-15 15:00:00
"45",0.8,"W",4.4,6.3,"S",0.31,2019-02-15 14:00:00
"46",0.7,"W",4.6,6.6,"SSE",0.19,2019-02-15 13:00:00
"47",0.7,"W",4.6,5.6,"-",0.06,2019-02-15 12:00:00
"48",0.7,"W",4.5,4.6,"-",-0.06,2019-02-15 11:00:00
"49",0.8,"NW",4.6,3.6,"ENE",-0.13,2019-02-15 10:00:00
"50",0.7,"S",4.7,2.4,"NE",-0.18,2019-02-15 09:00:00
"51",0.8,"S",4.8,2.9,"N",-0.18,2019-02-15 08:00:00
"52",0.9,"W",4.5,2.2,"NNE",-0.16,2019-02-15 07:00:00
"53",0.6,"SW",4.9,3.5,"N",-0.13,2019-02-15 06:00:00
"54",0.5,"SE",5.2,3.4,"NNE",-0.1,2019-02-15 05:00:00
"55",0.6,"SW",4.7,2.8,"NNE",-0.08,2019-02-15 04:00:00
"56",0.6,"SW",4.6,2.1,"NNE",-0.11,2019-02-15 03:00:00
"57",0.7,"W",4.6,3.2,"N",-0.15,2019-02-15 02:00:00
"58",0.75,"-",4.55,6,"NNW",-0.2,2019-02-15 01:00:00
"59",0.8,"W",4.5,5.3,"NW",-0.27,2019-02-15 00:00:00
"60",0.7,"S",4.8,2.5,"NW",-0.31,2019-02-14 23:00:00
"61",0.8,"S",4.7,1.8,"-",-0.31,2019-02-14 22:00:00
"62",0.8,"W",4.6,1.1,"NNW",-0.26,2019-02-14 21:00:00
"63",0.7,"W",4.5,3.7,"NW",-0.16,2019-02-14 20:00:00
"64",0.8,"W",4.2,5.4,"NW",-0.02,2019-02-14 19:00:00
"65",0.6,"SE",5.1,4.9,"NW",0.11,2019-02-14 18:00:00
"66",0.5,"SE",5.2,4.8,"NW",0.24,2019-02-14 17:00:00
"67",0.5,"SE",5.2,2.8,"WNW",0.33,2019-02-14 16:00:00
"68",0.6,"W",4.7,1.7,"SW",0.36,2019-02-14 15:00:00
"69",0.6,"W",4.4,1.6,"W",0.33,2019-02-14 14:00:00
"70",0.7,"W",4.7,4.2,"NW",0.24,2019-02-14 13:00:00
"71",0.8,"NW",4.7,5,"NW",0.14,2019-02-14 12:00:00
"72",0.8,"W",4.8,4.9,"NW",0.04,2019-02-14 11:00:00
"73",0.8,"W",4.8,3.05,"-",-0.05,2019-02-14 10:00:00
"74",0.8,"W",4.7,1.2,"NE",-0.12,2019-02-14 09:00:00
"75",0.7,"W",4.8,2.5,"N",-0.13,2019-02-14 08:00:00
"76",0.7,"W",4.6,1.4,"NNE",-0.13,2019-02-14 07:00:00
"77",0.7,"SW",4.8,1.9,"N",-0.11,2019-02-14 06:00:00
"78",0.6,"S",5.2,2.3,"NNE",-0.08,2019-02-14 05:00:00
"79",0.7,"SW",5.1,2.5,"N",-0.04,2019-02-14 04:00:00
"80",0.7,"SE",4.9,2.9,"N",-0.01,2019-02-14 03:00:00
"81",0.7,"S",4.8,4.8,"NNW",-0.02,2019-02-14 02:00:00
"82",0.8,"SE",4.3,1.6,"ENE",-0.04,2019-02-14 01:00:00
"83",0.9,"SE",4.3,6.3,"ESE",-0.08,2019-02-14 00:00:00
"84",1,"SE",4.4,7.5,"ESE",-0.13,2019-02-13 23:00:00
"85",0.9,"SE",4.3,8.5,"SE",-0.17,2019-02-13 22:00:00
"86",0.8,"SE",4.4,6.9,"SSE",-0.19,2019-02-13 21:00:00
"87",0.7,"SE",4.3,7.2,"SE",-0.17,2019-02-13 20:00:00
"88",0.7,"SE",4.8,5.4,"ESE",-0.11,2019-02-13 19:00:00
"89",0.7,"W",4.5,3.55,"-",-0.04,2019-02-13 18:00:00
"90",0.7,"W",4.4,1.7,"NW",0.07,2019-02-13 17:00:00
"91",0.6,"W",4.1,3.3,"NW",0.16,2019-02-13 16:00:00
"92",0.5,"SE",4.6,5.4,"NW",0.22,2019-02-13 15:00:00
"93",0.4,"SW",4.7,5.3,"NW",0.25,2019-02-13 14:00:00
"94",0.4,"SW",4.6,3.5,"WNW",0.22,2019-02-13 13:00:00
"95",0.5,"SW",4.4,3.6,"NW",0.14,2019-02-13 12:00:00
"96",0.6,"W",4.6,3.15,"-",0.06,2019-02-13 11:00:00
"97",0.5,"NW",4.2,2.7,"NE",-0.03,2019-02-13 10:00:00
"98",0.5,"SW",4.4,3,"NE",-0.12,2019-02-13 09:00:00
"99",0.5,"W",4.4,2.3,"NNE",-0.16,2019-02-13 08:00:00
"100",0.4,"W",4.5,2.8,"NNE",-0.18,2019-02-13 07:00:00
"101",0.5,"W",4.4,2.2,"NNE",-0.17,2019-02-13 06:00:00
"102",0.5,"W",4.6,2.8,"NNE",-0.15,2019-02-13 05:00:00
"103",0.4,"SW",4.9,3.4,"NNE",-0.09,2019-02-13 04:00:00
"104",0.4,"W",4.8,3,"NE",-0.01,2019-02-13 03:00:00
"105",0.4,"W",4.6,3.1,"NE",0.04,2019-02-13 02:00:00
"106",0.5,"W",4.8,4,"NNE",0.07,2019-02-13 01:00:00
"107",0.6,"NW",4.9,2.3,"NE",0.05,2019-02-13 00:00:00
"108",0.6,"SW",4.7,2.1,"NNE",0.02,2019-02-12 23:00:00
"109",0.5,"W",4.2,1.4,"NNE",-0.02,2019-02-12 22:00:00
"110",0.5,"W",4.4,2.4,"NNW",-0.08,2019-02-12 21:00:00
"111",0.6,"SW",4.6,3.7,"NNW",-0.12,2019-02-12 20:00:00
"112",0.6,"W",4.5,2.6,"NNW",-0.13,2019-02-12 19:00:00
"113",0.6,"W",4.7,2.5,"NNW",-0.09,2019-02-12 18:00:00
"114",0.6,"W",4.6,1.4,"NW",-0.05,2019-02-12 17:00:00
"115",0.8,"W",5,1.7,"W",0.04,2019-02-12 16:00:00
"116",0.4,"W",5.3,2.4,"WNW",0.12,2019-02-12 15:00:00
"117",0.5,"SE",5.1,4.3,"NW",0.19,2019-02-12 14:00:00
"118",0.5,"W",4.5,5,"NW",0.22,2019-02-12 13:00:00
"119",0.6,"W",4.8,4.1,"NW",0.18,2019-02-12 12:00:00
"120",0.7,"NW",4.5,3.1,"NW",0.12,2019-02-12 11:00:00
"121",0.7,"W",4.5,3.3,"NW",0.05,2019-02-12 10:00:00
"122",0.8,"NW",4.6,1.4,"NNW",-0.04,2019-02-12 09:00:00
"123",0.7,"W",4.3,2.8,"N",-0.12,2019-02-12 08:00:00
"124",0.8,"W",4.3,4.7,"N",-0.19,2019-02-12 07:00:00
"125",0.7,"NW",4.2,6.1,"N",-0.21,2019-02-12 06:00:00
"126",0.8,"W",4.8,4.8,"NNW",-0.17,2019-02-12 05:00:00
"127",0.5,"W",4.3,2.4,"N",-0.12,2019-02-12 04:00:00
"128",0.5,"W",4.6,3.4,"N",-0.04,2019-02-12 03:00:00
"129",0.6,"W",4.7,1.7,"NNW",0.06,2019-02-12 02:00:00
"130",0.5,"W",4.5,1.5,"N",0.12,2019-02-12 01:00:00
"131",0.6,"W",4.4,3.7,"NW",0.15,2019-02-12 00:00:00
"132",0.6,"W",4.4,3.5,"NNW",0.13,2019-02-11 23:00:00
"133",0.6,"W",4.5,2.5,"NNW",0.09,2019-02-11 22:00:00
"134",0.7,"SE",4.7,4.5,"NNW",0.01,2019-02-11 21:00:00
"135",0.65,"-",4.6,3.9,"NW",-0.08,2019-02-11 20:00:00
"136",0.6,"NW",4.5,5.3,"NW",-0.15,2019-02-11 19:00:00
"137",0.6,"NW",4.6,4.8,"NW",-0.18,2019-02-11 18:00:00
"138",0.8,"NW",4.8,2.4,"WNW",-0.18,2019-02-11 17:00:00
"139",1,"W",4.4,5.6,"NW",-0.13,2019-02-11 16:00:00
"140",0.9,"W",4.4,5.6,"NW",-0.05,2019-02-11 15:00:00
"141",0.8,"W",4.4,6.6,"NW",0.03,2019-02-11 14:00:00
"142",0.5,"SW",4.8,7.2,"NW",0.1,2019-02-11 13:00:00
"143",0.6,"W",4.5,6.5,"NW",0.12,2019-02-11 12:00:00
"144",0.6,"W",4.6,6,"NW",0.09,2019-02-11 11:00:00
"145",0.8,"NW",4.7,4.2,"NNW",0.03,2019-02-11 10:00:00
"146",0.8,"NW",4.4,5.7,"NNW",-0.04,2019-02-11 09:00:00
"147",0.8,"W",4.6,3.4,"NNW",-0.12,2019-02-11 08:00:00
"148",0.8,"W",4.5,3.8,"NNW",-0.19,2019-02-11 07:00:00
"149",0.7,"W",4.5,3.5,"NNW",-0.23,2019-02-11 06:00:00
"150",0.8,"W",4.7,1.9,"NNW",-0.23,2019-02-11 05:00:00
"151",0.8,"W",4.7,2,"NNW",-0.18,2019-02-11 04:00:00
"152",0.5,"W",5,2.2,"NNW",-0.08,2019-02-11 03:00:00
"153",0.5,"W",4.8,3.2,"NNW",0.06,2019-02-11 02:00:00
"154",0.6,"W",4.9,4.5,"NNW",0.18,2019-02-11 01:00:00
"155",0.6,"W",4.5,4.9,"NNW",0.27,2019-02-11 00:00:00
"156",0.6,"W",4.5,4.5,"NNW",0.3,2019-02-10 23:00:00
"157",0.6,"NW",4.6,3.2,"NNW",0.28,2019-02-10 22:00:00
"158",0.6,"NW",4.3,2,"WNW",0.22,2019-02-10 21:00:00
"159",0.6,"W",4.4,1.2,"NW",0.12,2019-02-10 20:00:00
"160",0.6,"W",4.4,1.3,"NW",0.01,2019-02-10 19:00:00
"161",0.6,"NW",4.3,2.1,"NW",-0.08,2019-02-10 18:00:00
"162",0.6,"W",4.8,2.7,"NW",-0.12,2019-02-10 17:00:00
"163",0.5,"W",4.4,2.5,"WNW",-0.11,2019-02-10 16:00:00
"164",0.6,"NW",5.2,2.8,"WNW",-0.06,2019-02-10 15:00:00
"165",0.6,"SW",5,2.8,"WNW",0.02,2019-02-10 14:00:00
"166",0.5,"SE",5.7,2.23333333333333,"-",0.08,2019-02-10 13:00:00
"167",0.5,"SW",5.3,1.66666666666667,"-",0.13,2019-02-10 12:00:00
"168",0.5,"W",4.3,1.1,"ESE",0.13,2019-02-10 11:00:00
"169",0.6,"SE",4.9,1.5,"NNW",0.07,2019-02-10 10:00:00
"170",0.8,"NW",4.3,3.3,"NNW",0,2019-02-10 09:00:00
"171",0.7,"W",4.6,1.9,"N",-0.08,2019-02-10 08:00:00
"172",0.6,"W",4.7,2,"N",-0.17,2019-02-10 07:00:00
"173",0.6,"W",4.6,1.9,"N",-0.22,2019-02-10 06:00:00
"174",0.7,"W",4.8,1.8,"N",-0.25,2019-02-10 05:00:00
"175",0.7,"W",4.8,2.4,"N",-0.22,2019-02-10 04:00:00
"176",0.7,"W",4.9,2.4,"NNE",-0.12,2019-02-10 03:00:00
"177",0.5,"W",5.1,3.2,"N",0.01,2019-02-10 02:00:00
"178",0.4,"W",4.8,3.8,"N",0.16,2019-02-10 01:00:00
"179",0.4,"W",4.8,4.4,"N",0.28,2019-02-10 00:00:00
"180",0.4,"SE",4.9,4.2,"NNW",0.36,2019-02-09 23:00:00
"181",0.5,"SW",4.7,3.8,"NNW",0.37,2019-02-09 22:00:00
"182",0.6,"NW",4.3,3.1,"N",0.33,2019-02-09 21:00:00
"183",0.5,"NW",4.2,2.3,"NNW",0.23,2019-02-09 20:00:00
"184",0.5,"W",4.2,3.8,"NNW",0.11,2019-02-09 19:00:00
"185",0.5,"SE",4.3,4,"NNW",-0.02,2019-02-09 18:00:00
"186",0.4,"SE",4.8,3.4,"NW",-0.11,2019-02-09 17:00:00
"187",0.4,"SE",5.2,3.6,"NW",-0.15,2019-02-09 16:00:00
"188",0.4,"S",5.4,4,"WNW",-0.14,2019-02-09 15:00:00
"189",0.5,"SE",5.7,4.1,"WNW",-0.1,2019-02-09 14:00:00
"190",0.5,"E",6.5,4.1,"WNW",-0.01,2019-02-09 13:00:00
"191",0.4,"SE",5.8,2.9,"WNW",0.06,2019-02-09 12:00:00
"192",0.4,"SE",5.4,3.3,"WNW",0.1,2019-02-09 11:00:00
"193",0.4,"W",4.6,2.5,"NNW",0.08,2019-02-09 10:00:00
"194",0.5,"W",4.6,1.5,"N",0.02,2019-02-09 09:00:00
"195",0.5,"W",4.5,1.8,"ENE",-0.05,2019-02-09 08:00:00
"196",0.5,"W",4.4,2.4,"E",-0.14,2019-02-09 07:00:00
"197",0.5,"W",4.5,2.1,"ENE",-0.23,2019-02-09 06:00:00
"198",0.5,"W",4.6,2.9,"NE",-0.27,2019-02-09 05:00:00
"199",0.6,"W",4.5,2.9,"NE",-0.26,2019-02-09 04:00:00
"200",0.7,"W",4.7,2.7,"N",-0.18,2019-02-09 03:00:00
"201",0.5,"W",5,3.8,"N",-0.06,2019-02-09 02:00:00
"202",0.4,"SE",5.5,3.4,"NNW",0.11,2019-02-09 01:00:00
"203",0.5,"W",4.9,3.3,"NNE",0.29,2019-02-09 00:00:00
"204",0.5,"W",4.6,4.8,"N",0.39,2019-02-08 23:00:00
"205",0.5,"NW",4.6,4.2,"NNE",0.45,2019-02-08 22:00:00
"206",0.5,"W",4.2,3.9,"N",0.45,2019-02-08 21:00:00
"207",0.6,"NW",4.8,6,"NNW",0.38,2019-02-08 20:00:00
"208",0.6,"NW",4.1,5.2,"NW",0.25,2019-02-08 19:00:00
"209",0.6,"NW",4.6,4.2,"WNW",0.09,2019-02-08 18:00:00
"210",0.4,"NW",4.9,4,"WNW",-0.05,2019-02-08 17:00:00
"211",0.5,"NW",4.9,4,"WNW",-0.15,2019-02-08 16:00:00
"212",0.5,"SE",5.5,4.8,"WNW",-0.18,2019-02-08 15:00:00
"213",0.5,"SE",6,4.1,"WNW",-0.18,2019-02-08 14:00:00
"214",0.4,"SE",7.1,3.9,"WNW",-0.1,2019-02-08 13:00:00
"215",0.4,"SE",7,4.1,"WNW",-0.03,2019-02-08 12:00:00
"216",0.4,"SE",5.5,3.2,"-",0.04,2019-02-08 11:00:00
"217",0.4,"SE",6.1,2.3,"-",0.06,2019-02-08 10:00:00
"218",0.3,"SE",4.6,1.4,"ENE",0.01,2019-02-08 09:00:00
"219",0.4,"SE",4.1,1.9,"NE",-0.05,2019-02-08 08:00:00
"220",0.3,"SE",4,3.8,"NE",-0.14,2019-02-08 07:00:00
"221",0.4,"SE",4.1,3,"NNE",-0.24,2019-02-08 06:00:00
"222",0.4,"SE",4.5,4.3,"N",-0.31,2019-02-08 05:00:00
"223",0.4,"SE",5.3,4.5,"NNW",-0.34,2019-02-08 04:00:00
"224",0.5,"SE",5.7,4.2,"N",-0.27,2019-02-08 03:00:00
"225",0.4,"SE",5.7,3.6,"N",-0.14,2019-02-08 02:00:00
"226",0.4,"SE",5.9,3.5,"N",0.03,2019-02-08 01:00:00
"227",0.4,"SE",5.7,3.4,"N",0.22,2019-02-08 00:00:00
"228",0.4,"W",3.7,3.5,"N",0.38,2019-02-07 23:00:00
"229",0.3,"S",3.8,2.5,"N",0.49,2019-02-07 22:00:00
"230",0.3,"S",4.3,2.8,"NNW",0.52,2019-02-07 21:00:00
"231",0.3,"W",4,2.8,"NW",0.51,2019-02-07 20:00:00
"232",0.6,"W",4.7,5.3,"W",0.41,2019-02-07 19:00:00
"233",0.4,"S",4.3,5.8,"W",0.26,2019-02-07 18:00:00
"234",0.3,"SE",4.6,5.5,"WSW",0.11,2019-02-07 17:00:00
"235",0.3,"SE",5.7,4.5,"W",-0.01,2019-02-07 16:00:00
"236",0.2,"SE",4.9,3.8,"W",-0.1,2019-02-07 15:00:00
"237",0.3,"SE",5.1,3.6,"WNW",-0.14,2019-02-07 14:00:00
"238",0.3,"SE",4.6,4.3,"WNW",-0.12,2019-02-07 13:00:00
"239",0.3,"SE",5,3.3,"NNW",-0.05,2019-02-07 12:00:00
"240",0.3,"SE",5.4,4.1,"NNW",0.02,2019-02-07 11:00:00
"241",0.3,"SE",5.8,5.3,"N",0.06,2019-02-07 10:00:00
"242",0.3,"N",4.7,4.8,"N",0.06,2019-02-07 09:00:00
"243",0.3,"SE",4.1,5.4,"N",0,2019-02-07 08:00:00
"244",0.3,"S",4.1,5.1,"NNE",-0.08,2019-02-07 07:00:00
"245",0.3,"S",4.1,4.5,"NNE",-0.19,2019-02-07 06:00:00
"246",0.3,"SE",4.2,3.9,"NNE",-0.28,2019-02-07 05:00:00
"247",0.3,"SE",4.8,4.2,"NNE",-0.32,2019-02-07 04:00:00
"248",0.3,"SE",5.3,3.9,"NNE",-0.29,2019-02-07 03:00:00
"249",0.3,"SE",4.9,2.6,"NNE",-0.19,2019-02-07 02:00:00
"250",0.3,"SE",5.8,2,"NNE",-0.04,2019-02-07 01:00:00
"251",0.3,"SE",5.3,1.6,"ENE",0.15,2019-02-07 00:00:00
"252",0.3,"SE",4.7,1.6,"NNE",0.34,2019-02-06 23:00:00
"253",0.3,"SE",4.7,1.8,"NE",0.49,2019-02-06 22:00:00
"254",0.3,"SE",4.5,2.3,"NNW",0.56,2019-02-06 21:00:00
"255",0.3,"S",4.4,3.3,"NW",0.56,2019-02-06 20:00:00
"256",0.4,"S",4.4,3.8,"NW",0.51,2019-02-06 19:00:00
"257",0.4,"S",4.1,3.9,"NW",0.36,2019-02-06 18:00:00
"258",0.3,"SE",4,4.4,"WNW",0.19,2019-02-06 17:00:00
"259",0.3,"SE",4.6,4.1,"WNW",0.04,2019-02-06 16:00:00
"260",0.3,"SE",4.8,4.6,"W",-0.09,2019-02-06 15:00:00
"261",0.4,"SE",5,3.9,"W",-0.15,2019-02-06 14:00:00
"262",0.5,"SE",5.6,3.7,"W",-0.16,2019-02-06 13:00:00
"263",0.5,"SE",5.4,4.2,"WNW",-0.11,2019-02-06 12:00:00
"264",0.5,"SE",5.4,2.7,"NW",-0.03,2019-02-06 11:00:00
"265",0.4,"SE",6.1,4.6,"NW",0.04,2019-02-06 10:00:00
"266",0.4,"NE",4.4,3.9,"NNW",0.05,2019-02-06 09:00:00
"267",0.4,"S",4.4,2.7,"NNE",0.02,2019-02-06 08:00:00
"268",0.4,"S",4.5,4.1,"NNW",-0.06,2019-02-06 07:00:00
"269",0.5,"SE",4.2,4.7,"NNW",-0.15,2019-02-06 06:00:00
"270",0.5,"W",4.1,5.2,"NNW",-0.26,2019-02-06 05:00:00
"271",0.5,"W",4.3,3,"NNW",-0.34,2019-02-06 04:00:00
"272",0.6,"NW",4.2,3.7,"N",-0.34,2019-02-06 03:00:00
"273",0.7,"W",4.1,4.3,"NNW",-0.28,2019-02-06 02:00:00
"274",0.7,"W",4.3,7.7,"NNW",-0.15,2019-02-06 01:00:00
"275",0.5,"S",4.6,6,"NNW",0.02,2019-02-06 00:00:00
"276",0.6,"W",4.5,6.4,"NNW",0.24,2019-02-05 23:00:00
"277",0.5,"W",4.2,8.5,"NNW",0.41,2019-02-05 22:00:00
"278",0.5,"SE",5,5.8,"NW",0.53,2019-02-05 21:00:00
"279",0.6,"SE",5,4.7,"NNW",0.58,2019-02-05 20:00:00
"280",0.6,"SE",4.8,6.5,"NNW",0.56,2019-02-05 19:00:00
"281",0.6,"SE",5.2,6.4,"NW",0.45,2019-02-05 18:00:00
"282",0.7,"W",5,4.3,"NW",0.28,2019-02-05 17:00:00
"283",0.6,"SE",5.1,3.9,"NW",0.1,2019-02-05 16:00:00
"284",0.7,"W",5.6,3.7,"NNW",-0.06,2019-02-05 15:00:00
"285",0.6,"SE",5.7,2.7,"NNW",-0.14,2019-02-05 14:00:00
"286",0.7,"W",5.7,2.7,"N",-0.18,2019-02-05 13:00:00
"287",0.7,"SE",5.2,5.5,"N",-0.18,2019-02-05 12:00:00
"288",0.7,"SE",5,5.1,"N",-0.11,2019-02-05 11:00:00
"289",0.6,"SE",5.7,7,"N",-0.03,2019-02-05 10:00:00
"290",0.7,"S",5,6.8,"N",0.02,2019-02-05 09:00:00
"291",0.7,"SE",5,8.2,"NNW",0.02,2019-02-05 08:00:00
"292",0.7,"S",5,6.2,"NNW",-0.04,2019-02-05 07:00:00
"293",0.8,"S",5.1,5.4,"NNW",-0.13,2019-02-05 06:00:00
"294",0.7,"SE",4.9,3.3,"NNW",-0.25,2019-02-05 05:00:00
"295",0.7,"S",5,1.8,"NNE",-0.34,2019-02-05 04:00:00
"296",0.7,"S",4.9,2,"N",-0.39,2019-02-05 03:00:00
"297",0.7,"S",4.9,3.9,"NNW",-0.35,2019-02-05 02:00:00
"298",0.9,"SE",5.2,3.4,"N",-0.25,2019-02-05 01:00:00
"299",0.8,"SE",6,6.5,"NNW",-0.08,2019-02-05 00:00:00
"300",0.9,"SE",5.8,4.2,"WNW",0.13,2019-02-04 23:00:00
"301",0.8,"SE",5.3,1.9,"WNW",0.34,2019-02-04 22:00:00
"302",0.9,"SE",5.1,2.1,"NE",0.49,2019-02-04 21:00:00
"303",1,"SE",5,4.7,"ESE",0.57,2019-02-04 20:00:00
"304",0.9,"W",4.6,6.2,"SE",0.57,2019-02-04 19:00:00
"305",1,"W",4.4,6.9,"SE",0.53,2019-02-04 18:00:00
"306",0.8,"SE",4.7,5.9,"SE",0.39,2019-02-04 17:00:00
"307",0.8,"SE",4.9,7.1,"SE",0.22,2019-02-04 16:00:00
"308",0.8,"SE",5.5,8.2,"SE",0.04,2019-02-04 15:00:00
"309",0.8,"SE",5.9,1.2,"SW",-0.08,2019-02-04 14:00:00
"310",0.9,"SE",6.2,2.45,"-",-0.15,2019-02-04 13:00:00
"311",0.8,"SE",6.3,3.7,"WSW",-0.18,2019-02-04 12:00:00
"312",0.9,"SE",6.4,6,"SE",-0.15,2019-02-04 11:00:00
"313",0.9,"SE",6.4,4.4,"ENE",-0.07,2019-02-04 10:00:00
"314",0.8,"SE",6.1,1.2,"ENE",-0.01,2019-02-04 09:00:00
"315",0.7,"SE",5.4,3.2,"NE",0.02,2019-02-04 08:00:00
"316",0.9,"SE",5.7,2.5,"NE",0,2019-02-04 07:00:00
"317",0.9,"SE",5.4,1.9,"NE",-0.08,2019-02-04 06:00:00
"318",0.9,"SE",5.2,2.8,"NNE",-0.17,2019-02-04 05:00:00
"319",0.9,"S",5.1,1.8,"WSW",-0.27,2019-02-04 04:00:00
"320",1.1,"SE",5.5,2.7,"SW",-0.34,2019-02-04 03:00:00
"321",1.1,"SE",5.2,3.2,"SSW",-0.34,2019-02-04 02:00:00
"322",1,"SE",5.1,4,"S",-0.28,2019-02-04 01:00:00
"323",1.3,"SE",5.5,5,"S",-0.14,2019-02-04 00:00:00
"324",1.3,"SE",5.9,3.7,"SSW",0.03,2019-02-03 23:00:00
"325",1.2,"SE",5.4,3.9,"SSW",0.24,2019-02-03 22:00:00
"326",1.3,"SE",5.8,3.6,"SW",0.45,2019-02-03 21:00:00
"327",1.3,"SE",5.4,4.2,"SSW",0.6,2019-02-03 20:00:00
"328",1.6,"SE",5.5,4,"S",0.65,2019-02-03 19:00:00
"329",1.5,"SE",5.6,4.4,"SSE",0.62,2019-02-03 18:00:00
"330",1.5,"S",5.5,5.1,"S",0.54,2019-02-03 17:00:00
"331",1.6,"S",5.8,5.7,"S",0.4,2019-02-03 16:00:00
"332",1.6,"S",5.4,6.8,"SSE",0.24,2019-02-03 15:00:00
"333",1.7,"SE",5.8,8.3,"SSE",0.09,2019-02-03 14:00:00
"334",1.5,"S",5.6,8.2,"SSE",-0.02,2019-02-03 13:00:00
"335",1.8,"SE",6.1,8.4,"SE",-0.08,2019-02-03 12:00:00
"336",1.7,"SE",6,8.7,"SE",-0.08,2019-02-03 11:00:00
"337",1.8,"S",6.1,9,"SE",-0.04,2019-02-03 10:00:00
"338",1.8,"SE",5.9,8.6,"ESE",0.03,2019-02-03 09:00:00
"339",1.6,"SE",5.6,9.8,"ESE",0.08,2019-02-03 08:00:00
"340",1.4,"SE",5.5,9.9,"SE",0.08,2019-02-03 07:00:00
"341",1.5,"SE",5.3,10.1,"SE",0.02,2019-02-03 06:00:00
"342",1.7,"SE",5.7,7.9,"SE",-0.08,2019-02-03 05:00:00
"343",1.4,"S",5,8.8,"ESE",-0.19,2019-02-03 04:00:00
"344",1.5,"SE",5,11,"SE",-0.26,2019-02-03 03:00:00
"345",1.2,"SE",4.7,9,"ESE",-0.3,2019-02-03 02:00:00
"346",1.3,"SE",5.3,9.4,"ESE",-0.26,2019-02-03 01:00:00
"347",1.4,"S",5.2,8.9,"ESE",-0.17,2019-02-03 00:00:00
"348",1.3,"SE",5.3,10.1,"ESE",-0.02,2019-02-02 23:00:00
"349",1.5,"SE",5.2,9.8,"ESE",0.17,2019-02-02 22:00:00
"350",1.4,"S",4.9,9.6,"SE",0.38,2019-02-02 21:00:00
"351",1.2,"S",4.7,8.2,"SE",0.54,2019-02-02 20:00:00
"352",1.3,"SE",4.8,7.4,"SE",0.65,2019-02-02 19:00:00
"353",1.5,"SE",4.9,9.4,"ESE",0.66,2019-02-02 18:00:00
"354",1.3,"SE",4.7,9.4,"SE",0.61,2019-02-02 17:00:00
"355",1.2,"SE",4.7,8.7,"SE",0.49,2019-02-02 16:00:00
"356",1.2,"SE",5.2,5.3,"ESE",0.34,2019-02-02 15:00:00
"357",1.2,"SE",5.2,1.3,"W",0.18,2019-02-02 14:00:00
"358",1,"SE",5.3,1.2,"NNW",0.05,2019-02-02 13:00:00
"359",1,"SE",5.4,1.7,"NE",-0.04,2019-02-02 12:00:00
"360",1,"SE",5.3,1.2,"WNW",-0.08,2019-02-02 11:00:00
"361",0.8,"S",5.3,1.26666666666667,"-",-0.06,2019-02-02 10:00:00
"362",0.8,"S",5.2,1.33333333333333,"-",-0.02,2019-02-02 09:00:00
"363",0.9,"S",5.7,1.4,"N",0.04,2019-02-02 08:00:00
"364",1,"SE",5.7,2.4,"NNE",0.08,2019-02-02 07:00:00
"365",0.9,"SE",5.5,1.4,"NNW",0.06,2019-02-02 06:00:00
"366",1,"S",5.8,2.3,"NW",-0.02,2019-02-02 05:00:00
"367",1,"S",5.7,1.9,"NNW",-0.12,2019-02-02 04:00:00
"368",0.9,"SE",5.2,1.9,"NNW",-0.21,2019-02-02 03:00:00
"369",1,"SE",5.3,2.3,"NNW",-0.26,2019-02-02 02:00:00
"370",1,"S",5.1,2.5,"WNW",-0.28,2019-02-02 01:00:00
"371",0.9,"SE",5.2,1.7,"WNW",-0.24,2019-02-02 00:00:00
"372",1,"SE",5.7,2.3,"WNW",-0.12,2019-02-01 23:00:00
"373",0.9,"SE",5.6,2.4,"NW",0.02,2019-02-01 22:00:00
"374",1,"SE",5.7,1.8,"WNW",0.2,2019-02-01 21:00:00
"375",0.9,"S",5.5,1.9,"NW",0.37,2019-02-01 20:00:00
"376",0.9,"SE",5.4,1.9,"WNW",0.5,2019-02-01 19:00:00
"377",0.8,"S",5.1,2.4,"WNW",0.55,2019-02-01 18:00:00
"378",0.8,"SE",4.9,2.7,"NW",0.53,2019-02-01 17:00:00
"379",0.8,"S",5,3.3,"W",0.44,2019-02-01 16:00:00
"380",0.8,"S",4.7,3,"W",0.32,2019-02-01 15:00:00
"381",0.7,"SE",4.7,3.8,"NW",0.18,2019-02-01 14:00:00
"382",0.8,"S",4.9,5,"NW",0.05,2019-02-01 13:00:00
"383",0.9,"SE",5.1,5.9,"NW",-0.06,2019-02-01 12:00:00
"384",0.8,"SE",5.1,5.9,"NW",-0.11,2019-02-01 11:00:00
"385",0.9,"SE",5.1,6.6,"NW",-0.11,2019-02-01 10:00:00
"386",0.8,"S",4.8,4.9,"NW",-0.1,2019-02-01 09:00:00
"387",0.8,"SE",4.7,3.8,"NW",-0.05,2019-02-01 08:00:00
"388",0.8,"S",4.5,2.4,"NNW",-0.01,2019-02-01 07:00:00
"389",1,"SE",4.7,3.4,"N",0,2019-02-01 06:00:00
"390",0.9,"SE",4.6,5.7,"NNW",-0.03,2019-02-01 05:00:00
"391",1,"SE",4.6,6.8,"NW",-0.1,2019-02-01 04:00:00
"392",1,"SE",5,6.6,"WNW",-0.17,2019-02-01 03:00:00
"393",1,"SE",5.1,2.9,"NNE",-0.25,2019-02-01 02:00:00
"394",0.9,"S",5.7,1.7,"W",-0.29,2019-02-01 01:00:00
"395",0.9,"S",5.1,1.4,"NNE",-0.27,2019-02-01 00:00:00
"396",0.8,"S",5.1,2.4,"NNE",-0.19,2019-01-31 23:00:00
"397",0.7,"SE",4.7,1.6,"NNE",-0.06,2019-01-31 22:00:00
"398",0.8,"SE",5.1,3.3,"NNW",0.09,2019-01-31 21:00:00
"399",1.1,"SE",5.1,3.5,"N",0.24,2019-01-31 20:00:00
"400",1.1,"SE",5,6,"NNW",0.39,2019-01-31 19:00:00
"401",1,"SE",5.4,7.2,"NNW",0.52,2019-01-31 18:00:00
"402",1,"SE",5.3,7.4,"NW",0.57,2019-01-31 17:00:00
"403",0.8,"S",4.6,7.9,"NW",0.54,2019-01-31 16:00:00
"404",0.9,"SE",4.8,6.4,"NW",0.47,2019-01-31 15:00:00
"405",0.9,"SE",4.9,6.9,"NW",0.34,2019-01-31 14:00:00
"406",0.8,"SE",5,7.5,"NW",0.21,2019-01-31 13:00:00
"407",0.9,"S",5.1,5.8,"NW",0.08,2019-01-31 12:00:00
"408",0.9,"SE",5.2,4.8,"NW",0,2019-01-31 11:00:00
"409",1,"SE",5.1,3.3,"WNW",-0.05,2019-01-31 10:00:00
"410",1,"S",5.2,2.4,"NW",-0.05,2019-01-31 09:00:00
"411",1,"S",5.3,4.5,"NNW",-0.02,2019-01-31 08:00:00
"412",1,"SE",5.3,3.1,"NE",0.01,2019-01-31 07:00:00
"413",1.1,"SE",5.6,3.3,"NNE",0.04,2019-01-31 06:00:00
"414",1.2,"S",5.7,1.6,"NNE",0.06,2019-01-31 05:00:00
"415",1.2,"SE",5.5,5.5,"NE",0.04,2019-01-31 04:00:00
"416",1.3,"SE",5.6,7.6,"ESE",-0.02,2019-01-31 03:00:00
"417",1.2,"S",5.6,4.7,"ESE",-0.1,2019-01-31 02:00:00
"418",1.3,"S",5.7,2.4,"ESE",-0.16,2019-01-31 01:00:00
"419",1.2,"SE",5.8,1.1,"N",-0.19,2019-01-31 00:00:00
"420",1.1,"SE",5.7,1.4,"N",-0.18,2019-01-30 23:00:00
"421",1,"SE",5.4,1.46666666666667,"-",-0.12,2019-01-30 22:00:00
"422",1,"SE",5.3,1.53333333333333,"-",-0.02,2019-01-30 21:00:00
"423",1,"SE",5.3,1.6,"S",0.12,2019-01-30 20:00:00
"424",0.9,"SE",5.2,1.85,"-",0.25,2019-01-30 19:00:00
"425",1.1,"SE",5.6,2.1,"WNW",0.37,2019-01-30 18:00:00
"426",0.9,"SE",6,3.2,"WNW",0.45,2019-01-30 17:00:00
"427",0.8,"S",5.8,4.1,"WNW",0.48,2019-01-30 16:00:00
"428",0.8,"S",5.5,3.8,"WNW",0.45,2019-01-30 15:00:00
"429",0.8,"SE",5.4,3.7,"WNW",0.37,2019-01-30 14:00:00
"430",0.8,"SE",5.3,4,"WNW",0.25,2019-01-30 13:00:00
"431",0.8,"S",5.3,2.8,"WNW",0.12,2019-01-30 12:00:00
"432",0.8,"SE",5.2,2.5,"WNW",0.01,2019-01-30 11:00:00
"433",0.8,"SE",5.3,2.9,"N",-0.06,2019-01-30 10:00:00
"434",0.8,"SE",5.3,2.9,"NNE",-0.09,2019-01-30 09:00:00
"435",0.8,"SE",5.6,4.4,"NNE",-0.09,2019-01-30 08:00:00
"436",0.8,"SE",5.3,3.6,"NNE",-0.07,2019-01-30 07:00:00
"437",0.8,"SE",5.2,3.7,"NE",-0.03,2019-01-30 06:00:00
"438",1,"SE",5.5,2.7,"NNE",0.02,2019-01-30 05:00:00
"439",0.9,"SE",5.5,2.8,"NNE",0.04,2019-01-30 04:00:00
"440",0.9,"SE",5.6,3.1,"NNE",0.025,2019-01-30 03:00:00
"441",0.8,"SE",5.5,1.5,"NNE",0.01,2019-01-30 02:00:00
"442",1,"S",5.5,1.4,"NE",-0.05,2019-01-30 01:00:00
"443",1,"S",5,2.7,"NNE",-0.1,2019-01-30 00:00:00
"444",0.8,"S",4.8,2.9,"ESE",-0.12,2019-01-29 23:00:00
"445",0.9,"SE",4.5,2.05,"-",-0.12,2019-01-29 22:00:00
"446",1,"SE",4.8,1.2,"NW",-0.08,2019-01-29 21:00:00
"447",0.9,"SE",5.1,2.1,"NW",0,2019-01-29 20:00:00
"448",1,"SE",5.3,2.5,"NW",0.11,2019-01-29 19:00:00
"449",1,"SE",5.5,2.5,"WNW",0.21,2019-01-29 18:00:00
"450",0.8,"S",5.5,3.3,"WNW",0.31,2019-01-29 17:00:00
"451",0.7,"SE",5,2.4,"W",0.38,2019-01-29 16:00:00
"452",0.7,"S",5.2,1.6,"W",0.41,2019-01-29 15:00:00
"453",0.6,"SE",4.9,1.8,"WSW",0.37,2019-01-29 14:00:00
"454",0.7,"S",5.1,1.7,"W",0.28,2019-01-29 13:00:00
"455",0.7,"S",4.7,1.6,"W",0.17,2019-01-29 12:00:00
"456",0.7,"S",4.6,1.6,"W",0.06,2019-01-29 11:00:00
"457",0.6,"SE",4.9,2.9,"NNE",-0.04,2019-01-29 10:00:00
"458",0.6,"SE",4.9,3.4,"NNE",-0.12,2019-01-29 09:00:00
"459",0.7,"S",5.3,2.7,"NNE",-0.14,2019-01-29 08:00:00
"460",0.6,"SE",5.2,3.1,"NNE",-0.13,2019-01-29 07:00:00
"461",0.6,"SE",5.3,3.2,"NNE",-0.09,2019-01-29 06:00:00
"462",0.7,"SE",5.5,3.1,"NNE",-0.04,2019-01-29 05:00:00
"463",0.7,"SE",5.3,3.4,"NNE",0.03,2019-01-29 04:00:00
"464",0.7,"SE",5.7,3.7,"NE",0.08,2019-01-29 03:00:00
"465",0.7,"S",5.2,3.4,"NNE",0.1,2019-01-29 02:00:00
"466",0.9,"SE",5.3,1.3,"NNE",0.09,2019-01-29 01:00:00
"467",0.8,"SE",5.1,1.66666666666667,"-",0.06,2019-01-29 00:00:00
"468",0.9,"S",5.1,2.03333333333333,"-",0.005,2019-01-28 23:00:00
"469",0.9,"S",5.3,2.4,"SE",-0.05,2019-01-28 22:00:00
"470",0.8,"SE",5,1.7,"SSE",-0.07,2019-01-28 21:00:00
"471",0.8,"SE",5.1,1.56666666666667,"-",-0.06,2019-01-28 20:00:00
"472",0.8,"SE",5.5,1.43333333333333,"-",0,2019-01-28 19:00:00
"473",0.8,"S",5.5,1.3,"SSW",0.07,2019-01-28 18:00:00
"474",0.8,"SE",5.7,1.4,"W",0.17,2019-01-28 17:00:00
"475",0.9,"SE",5.8,2.5,"W",0.26,2019-01-28 16:00:00
"476",0.8,"S",6.1,3.6,"WNW",0.34,2019-01-28 15:00:00
"477",0.7,"S",5.8,3.1,"WNW",0.37,2019-01-28 14:00:00
"478",0.7,"S",5.8,3.2,"NW",0.35,2019-01-28 13:00:00
"479",0.6,"S",5,2.8,"WNW",0.25,2019-01-28 12:00:00
"480",0.8,"S",5.4,1.9,"WNW",0.13,2019-01-28 11:00:00
"481",0.7,"SE",5,1.7,"N",0.01,2019-01-28 10:00:00
"482",0.8,"S",5.4,2.1,"N",-0.09,2019-01-28 09:00:00
"483",0.7,"S",5.1,2.6,"N",-0.16,2019-01-28 08:00:00
"484",0.7,"S",5.6,2.9,"N",-0.16,2019-01-28 07:00:00
"485",0.9,"SE",5.8,3.7,"N",-0.13,2019-01-28 06:00:00
"486",0.8,"S",5.6,3.3,"NNE",-0.06,2019-01-28 05:00:00
"487",0.8,"S",5.7,3.3,"NNE",0.03,2019-01-28 04:00:00
"488",0.8,"SE",5.7,3.4,"NNE",0.14,2019-01-28 03:00:00
"489",0.8,"SE",6,3,"NNE",0.24,2019-01-28 02:00:00
"490",0.9,"SE",5.9,3.5,"N",0.29,2019-01-28 01:00:00
"491",1,"S",5.7,3.9,"NNE",0.27,2019-01-28 00:00:00
"492",0.9,"S",5.5,3.42,"-",0.23,2019-01-27 23:00:00
"493",1,"S",5.6,2.94,"-",0.15,2019-01-27 22:00:00
"494",0.9,"SE",5.4,2.46,"-",0.06,2019-01-27 21:00:00
"495",0.9,"SE",5.4,1.98,"-",-0.01,2019-01-27 20:00:00
"496",0.9,"SE",5.6,1.5,"NW",-0.05,2019-01-27 19:00:00
"497",0.9,"SE",5.7,2.2,"NW",-0.03,2019-01-27 18:00:00
"498",1,"SE",6,3.1,"WNW",0.02,2019-01-27 17:00:00
"499",0.9,"SE",5.4,3.2,"WNW",0.08,2019-01-27 16:00:00
"500",1,"SE",5.8,3.6,"WNW",0.16,2019-01-27 15:00:00
"501",0.8,"S",6.1,3,"WNW",0.24,2019-01-27 14:00:00
"502",1,"SW",6.3,3.4,"WNW",0.3,2019-01-27 13:00:00
"503",1,"SE",5.7,2.4,"WNW",0.28,2019-01-27 12:00:00
"504",1,"S",5.3,2.3,"WNW",0.2,2019-01-27 11:00:00
"505",1.1,"S",5.4,1.1,"NW",0.08,2019-01-27 10:00:00
"506",1.2,"S",5.7,1.35,"-",-0.06,2019-01-27 09:00:00
"507",1.1,"S",5.6,1.6,"NNE",-0.17,2019-01-27 08:00:00
"508",1,"SE",5.3,2.4,"NNE",-0.24,2019-01-27 07:00:00
"509",1.2,"S",5.8,2.1,"NNE",-0.24,2019-01-27 06:00:00
"510",1.2,"S",5.7,1.9,"N",-0.17,2019-01-27 05:00:00
"511",1.3,"S",5.8,3,"N",-0.07,2019-01-27 04:00:00
"512",1.1,"S",5.9,2.9,"NNE",0.07,2019-01-27 03:00:00
"513",1.1,"SE",6.1,4.1,"NNW",0.23,2019-01-27 02:00:00
"514",1,"SE",5.5,4.7,"NW",0.34,2019-01-27 01:00:00
"515",1,"W",4.9,3.5,"NW",0.39,2019-01-27 00:00:00
"516",1.1,"W",4.8,3.2,"NW",0.37,2019-01-26 23:00:00
"517",1.1,"W",4.8,1.7,"NW",0.3,2019-01-26 22:00:00
"518",1,"S",4.8,3.1,"NNW",0.18,2019-01-26 21:00:00
"519",1.1,"W",4.9,3.8,"NW",0.04,2019-01-26 20:00:00
"520",1,"W",5,4.1,"NNW",-0.07,2019-01-26 19:00:00
"521",1,"W",5,4.5,"NW",-0.12,2019-01-26 18:00:00
"522",0.9,"NW",5.1,4.3,"NW",-0.12,2019-01-26 17:00:00
"523",1,"NW",4.9,4.7,"NW",-0.08,2019-01-26 16:00:00
"524",0.9,"W",5.3,4.7,"WNW",-0.01,2019-01-26 15:00:00
"525",0.8,"S",5.4,4.1,"WNW",0.07,2019-01-26 14:00:00
"526",0.7,"SW",5.3,4.8,"NW",0.15,2019-01-26 13:00:00
"527",0.8,"S",5.1,3.5,"WNW",0.19,2019-01-26 12:00:00
"528",0.8,"S",4.9,2.8,"NW",0.14,2019-01-26 11:00:00
"529",0.8,"S",5.1,3,"WNW",0.04,2019-01-26 10:00:00
"530",0.8,"SE",4.8,2,"NW",-0.08,2019-01-26 09:00:00
"531",0.7,"S",4.9,2.5,"N",-0.2,2019-01-26 08:00:00
"532",0.8,"S",5.4,2.2,"NNW",-0.29,2019-01-26 07:00:00
"533",0.8,"SE",5.5,2.9,"N",-0.33,2019-01-26 06:00:00
"534",0.9,"S",5.2,2.5,"NNE",-0.29,2019-01-26 05:00:00
"535",0.8,"W",5.1,2.2,"N",-0.19,2019-01-26 04:00:00
"536",0.8,"S",5.5,2.5,"N",-0.05,2019-01-26 03:00:00
"537",0.9,"S",5.7,3.2,"NNE",0.14,2019-01-26 02:00:00
"538",0.9,"SE",5.7,2.5,"NNW",0.34,2019-01-26 01:00:00
"539",1,"S",5.9,2.2,"-",0.48,2019-01-26 00:00:00
"540",1.1,"SE",6,1.9,"NNW",0.51,2019-01-25 23:00:00
"541",1.1,"SE",6,3.7,"NNW",0.48,2019-01-25 22:00:00
"542",1.1,"SE",5.6,3.5,"N",0.4,2019-01-25 21:00:00
"543",1.2,"SE",5.4,3.6,"NNE",0.25,2019-01-25 20:00:00
"544",1.2,"SE",5.4,3.5,"NNW",0.08,2019-01-25 19:00:00
"545",1.1,"SE",5.2,6.4,"NW",-0.06,2019-01-25 18:00:00
"546",1.1,"SE",5.2,7.1,"NW",-0.13,2019-01-25 17:00:00
"547",1,"SE",5,7.2,"NW",-0.14,2019-01-25 16:00:00
"548",1,"SE",5.6,6,"WNW",-0.12,2019-01-25 15:00:00
"549",1.1,"SE",6.3,4.7,"WNW",-0.05,2019-01-25 14:00:00
"550",1,"SE",6.3,4.6,"WNW",0.05,2019-01-25 13:00:00
"551",1.1,"S",5.7,3.6,"NW",0.13,2019-01-25 12:00:00
"552",1,"S",5.3,4.6,"NW",0.15,2019-01-25 11:00:00
"553",0.8,"S",5.3,3.8,"NW",0.1,2019-01-25 10:00:00
"554",0.9,"S",5.9,3,"NNE",-0.02,2019-01-25 09:00:00
"555",0.8,"SE",5.5,4.2,"NNE",-0.16,2019-01-25 08:00:00
"556",0.8,"S",5.6,3.7,"NNE",-0.29,2019-01-25 07:00:00
"557",1,"S",6,2.9,"NNE",-0.39,2019-01-25 06:00:00
"558",0.9,"SE",5.9,3.2,"NNE",-0.4,2019-01-25 05:00:00
"559",1,"S",6.1,3.3,"NNE",-0.32,2019-01-25 04:00:00
"560",1,"S",6.2,3.2,"NNE",-0.18,2019-01-25 03:00:00
"561",1,"SE",6.2,2.8,"NNE",0.02,2019-01-25 02:00:00
"562",1,"S",5.8,2.3,"NNE",0.26,2019-01-25 01:00:00
"563",1.2,"SE",6.2,2.3,"NNE",0.49,2019-01-25 00:00:00
"564",1,"S",6,1.8,"N",0.64,2019-01-24 23:00:00
"565",1.2,"SE",6.1,1.2,"NNW",0.67,2019-01-24 22:00:00
"566",1.1,"SE",5.5,1.5,"NW",0.62,2019-01-24 21:00:00
"567",1.1,"SE",5.4,1.6,"NNW",0.5,2019-01-24 20:00:00
"568",1.2,"SE",5.6,2.7,"NW",0.32,2019-01-24 19:00:00
"569",1.1,"SE",5.7,3.6,"NW",0.13,2019-01-24 18:00:00
"570",1.1,"SE",6.3,3.6,"NW",-0.03,2019-01-24 17:00:00
"571",0.8,"SE",5.9,3.8,"WNW",-0.11,2019-01-24 16:00:00
"572",0.7,"S",5.9,4.2,"NW",-0.12,2019-01-24 15:00:00
"573",0.7,"S",5.8,3.3,"WNW",-0.1,2019-01-24 14:00:00
"574",0.8,"S",5.7,3.2,"WNW",-0.03,2019-01-24 13:00:00
"575",1,"SE",6.4,2.7,"WNW",0.05,2019-01-24 12:00:00
"576",1,"SE",5.8,2,"WNW",0.12,2019-01-24 11:00:00
"577",1,"S",5.8,1.6,"NNW",0.14,2019-01-24 10:00:00
"578",0.8,"S",5.6,2.23333333333333,"-",0.06,2019-01-24 09:00:00
"579",0.9,"S",6,2.86666666666667,"-",-0.06,2019-01-24 08:00:00
"580",0.8,"SE",6,3.5,"NE",-0.18,2019-01-24 07:00:00
"581",0.8,"SE",6.2,3.4,"NNE",-0.3,2019-01-24 06:00:00
"582",0.8,"S",5.5,3.3,"NNE",-0.42,2019-01-24 05:00:00
"583",0.8,"SE",5.5,3.8,"NNW",-0.2925,2019-01-24 04:00:00
"584",0.8,"S",5.7,2.7,"N",-0.165,2019-01-24 03:00:00
"585",0.8,"SE",6,3.1,"NNE",-0.0375,2019-01-24 02:00:00
"586",0.8,"S",5.8,2.9,"N",0.09,2019-01-24 01:00:00
"587",0.8,"S",6,2.1,"NNE",0.37,2019-01-24 00:00:00
"588",0.8,"SE",5.7,2.8,"NNE",0.6,2019-01-23 23:00:00
"589",0.9,"SE",6.4,2.5,"NNE",0.74,2019-01-23 22:00:00
"590",0.8,"SE",5.8,1.4,"NNW",0.74,2019-01-23 21:00:00
"591",0.9,"SE",6,1.4,"NNW",0.66,2019-01-23 20:00:00
"592",0.8,"SE",6,3.8,"NNW",0.52,2019-01-23 19:00:00
"593",0.7,"SE",5.6,3.6,"NW",0.32,2019-01-23 18:00:00
"594",0.6,"S",5.4,3.8,"NW",0.12,2019-01-23 17:00:00
"595",0.6,"SE",5.1,4.6,"NW",-0.06,2019-01-23 16:00:00
"596",0.6,"SE",5.3,4.8,"NW",-0.14,2019-01-23 15:00:00
"597",0.7,"S",5.2,5,"NW",-0.17,2019-01-23 14:00:00
"598",0.8,"SW",5.8,4.8,"NW",-0.16,2019-01-23 13:00:00
"599",0.7,"S",6.5,4.2,"NW",-0.07,2019-01-23 12:00:00
"600",0.8,"S",6,2.4,"NNW",0,2019-01-23 11:00:00
"601",0.8,"SE",5.9,2.7,"NW",0.08,2019-01-23 10:00:00
"602",0.8,"S",5.1,2.7,"NNW",0.08,2019-01-23 09:00:00
"603",0.8,"SE",5.7,1.8,"N",-0.01,2019-01-23 08:00:00
"604",0.8,"SE",5.9,3.1,"NNE",-0.15,2019-01-23 07:00:00
"605",0.8,"SE",6.4,2.9,"NNE",-0.3,2019-01-23 06:00:00
"606",0.8,"SE",6.2,2.7,"NW",-0.43,2019-01-23 05:00:00
"607",0.8,"SE",6.2,2.85,"-",-0.5,2019-01-23 04:00:00
"608",0.8,"SE",6.5,3,"NNE",-0.46,2019-01-23 03:00:00
"609",0.9,"S",6.5,2.4,"NNE",-0.32,2019-01-23 02:00:00
"610",0.7,"SE",6.4,2.9,"N",-0.1,2019-01-23 01:00:00
"611",0.9,"S",6.4,4.9,"NNW",0.16,2019-01-23 00:00:00
"612",0.8,"S",6.3,2.7,"NNW",0.43,2019-01-22 23:00:00
"613",0.9,"S",5.8,4.5,"N",0.66,2019-01-22 22:00:00
"614",1,"SE",5.9,2.4,"N",0.78,2019-01-22 21:00:00
"615",0.9,"SE",5.2,2.9,"N",0.78,2019-01-22 20:00:00
"616",0.9,"S",5.6,3.9,"NNW",0.69,2019-01-22 19:00:00
"617",0.9,"S",5.2,5.1,"NNW",0.53,2019-01-22 18:00:00
"618",0.8,"SE",5,5.7,"NW",0.31,2019-01-22 17:00:00
"619",0.8,"SE",5.3,7.5,"NW",0.09,2019-01-22 16:00:00
"620",0.7,"SE",5.2,7.7,"NW",-0.08,2019-01-22 15:00:00
"621",0.7,"SE",4.7,8.3,"NW",-0.16,2019-01-22 14:00:00
"622",0.8,"SE",4.7,8.1,"NW",-0.18,2019-01-22 13:00:00
"623",0.9,"W",4.6,7.8,"NW",-0.15,2019-01-22 12:00:00
"624",0.7,"SE",4.6,8.4,"NNW",-0.08,2019-01-22 11:00:00
"625",0.7,"S",6.1,6.2,"NNW",0.01,2019-01-22 10:00:00
"626",0.7,"SE",5.9,3.8,"N",0.08,2019-01-22 09:00:00
"627",0.8,"SE",5.7,5.1,"N",0.05,2019-01-22 08:00:00
"628",0.8,"SE",5.3,4.6,"NNW",-0.04,2019-01-22 07:00:00
"629",0.7,"SE",5.7,4.4,"NNW",-0.18,2019-01-22 06:00:00
"630",0.7,"SE",5.7,5.3,"NNW",-0.34,2019-01-22 05:00:00
"631",0.8,"SE",6,4.3,"N",-0.46,2019-01-22 04:00:00
"632",0.8,"S",5.8,6.9,"NNW",-0.52,2019-01-22 03:00:00
"633",0.9,"S",6.6,5.6,"NW",-0.45,2019-01-22 02:00:00
"634",1,"SE",6.4,1.7,"NNE",-0.28,2019-01-22 01:00:00
"635",1.1,"S",6.6,1.8,"N",-0.04,2019-01-22 00:00:00
"636",1,"SE",6.1,2.4,"NNW",0.24,2019-01-21 23:00:00
"637",1,"S",5.8,2.8,"N",0.52,2019-01-21 22:00:00
"638",1.2,"SE",5.8,7,"NNW",0.73,2019-01-21 21:00:00
"639",1.1,"NW",5.2,6.3,"NNW",0.85,2019-01-21 20:00:00
"640",0.9,"SE",5.2,5.3,"NNW",0.83,2019-01-21 19:00:00
"641",0.8,"SE",5.6,5.4,"NNW",0.73,2019-01-21 18:00:00
"642",0.9,"SE",6.3,4.9,"NW",0.52,2019-01-21 17:00:00
"643",0.8,"SE",6.3,4.1,"NW",0.3,2019-01-21 16:00:00
"644",0.9,"SE",6.1,4.7,"NW",0.08,2019-01-21 15:00:00
"645",0.8,"SE",6,4.6,"NNW",-0.08,2019-01-21 14:00:00
"646",0.8,"SE",6.1,3,"NNE",-0.17,2019-01-21 13:00:00
"647",0.9,"SE",5.4,4,"NNE",-0.18,2019-01-21 12:00:00
"648",1,"W",5.5,5.3,"N",-0.15,2019-01-21 11:00:00
"649",0.8,"SE",6.5,6.7,"NNW",-0.08,2019-01-21 10:00:00
"650",1,"S",5.9,7.7,"NNW",0,2019-01-21 09:00:00
"651",0.9,"S",5.5,5.2,"NNW",0.03,2019-01-21 08:00:00
"652",1,"SE",5.3,6.6,"NNW",0,2019-01-21 07:00:00
"653",0.9,"SE",5,6.4,"NNW",-0.1,2019-01-21 06:00:00
"654",0.9,"S",5.7,5.7,"NNW",-0.24,2019-01-21 05:00:00
"655",0.8,"SE",5.5,2.4,"NNW",-0.39,2019-01-21 04:00:00
"656",0.8,"S",5.6,1.6,"NNE",-0.49,2019-01-21 03:00:00
"657",0.8,"S",5.9,4.4,"NW",-0.51,2019-01-21 02:00:00
"658",0.8,"SE",5.3,1.9,"NNW",-0.42,2019-01-21 01:00:00
"659",0.9,"S",5.8,3.6,"NW",-0.25,2019-01-21 00:00:00
"660",0.8,"SE",5.1,3.9,"NNW",0,2019-01-20 23:00:00
"661",0.7,"S",5,4,"NW",0.26,2019-01-20 22:00:00
"662",0.7,"S",5.3,5.2,"NNW",0.51,2019-01-20 21:00:00
"663",0.7,"SE",5.1,1.8,"NNW",0.7,2019-01-20 20:00:00
"664",0.7,"SE",5.4,3,"NNW",0.79,2019-01-20 19:00:00
"665",0.7,"SE",6.1,2.5,"NNW",0.77,2019-01-20 18:00:00
"666",0.7,"SE",5.3,4.3,"NNW",0.65,2019-01-20 17:00:00
"667",0.7,"SE",4.9,5.6,"NW",0.46,2019-01-20 16:00:00
"668",0.7,"SE",5.3,6.4,"NW",0.26,2019-01-20 15:00:00
"669",0.6,"SE",6.1,2,"NW",0.06,2019-01-20 14:00:00
"670",0.7,"SE",6.5,2.4,"WNW",-0.07,2019-01-20 13:00:00
"671",0.6,"SE",5.9,2.1,"NW",-0.13,2019-01-20 12:00:00
"672",0.5,"SE",5.6,2,"NE",-0.15,2019-01-20 11:00:00
"673",0.5,"SE",4.9,4.4,"NE",-0.11,2019-01-20 10:00:00
"674",0.7,"SE",5,4.5,"N",-0.05,2019-01-20 09:00:00
"675",0.7,"SE",6.9,5.4,"N",0.01,2019-01-20 08:00:00
"676",0.6,"S",6.7,6.5,"N",0.05,2019-01-20 07:00:00
"677",0.6,"S",6.3,4,"N",0.02,2019-01-20 06:00:00
"678",0.6,"S",6.3,2.7,"N",-0.09,2019-01-20 05:00:00
"679",0.7,"S",6.2,2.8,"NNE",-0.22,2019-01-20 04:00:00
"680",0.8,"S",5.7,2.9,"NNE",-0.35,2019-01-20 03:00:00
"681",0.8,"S",5.7,4.2,"NNE",-0.41,2019-01-20 02:00:00
"682",0.8,"S",6,4.8,"N",-0.42,2019-01-20 01:00:00
"683",0.8,"S",5.8,3.8,"NNE",-0.32,2019-01-20 00:00:00
"684",0.8,"S",6.1,4.6,"NNE",-0.16,2019-01-19 23:00:00
"685",0.8,"S",6.3,4.8,"NNE",0.05,2019-01-19 22:00:00
"686",0.8,"S",6.3,4.8,"NNE",0.3,2019-01-19 21:00:00
"687",0.8,"S",5.9,3,"NNE",0.51,2019-01-19 20:00:00
"688",0.7,"S",6,3.5,"N",0.66,2019-01-19 19:00:00
"689",0.7,"S",6,1.9,"NNE",0.72,2019-01-19 18:00:00
"690",0.7,"S",5.3,4.5,"NNW",0.67,2019-01-19 17:00:00
"691",0.9,"S",5.1,3.3,"NW",0.54,2019-01-19 16:00:00
"692",0.9,"SE",5.1,2.6,"NNW",0.36,2019-01-19 15:00:00
"693",1.1,"S",5.5,3,"NW",0.17,2019-01-19 14:00:00
"694",1.1,"SE",6.1,3.7,"NW",0.01,2019-01-19 13:00:00
"695",1,"SE",5.5,2.5,"NW",-0.09,2019-01-19 12:00:00
"696",0.8,"S",5.5,2.1,"-",-0.14,2019-01-19 11:00:00
"697",0.8,"S",5.6,1.7,"-",-0.12,2019-01-19 10:00:00
"698",0.7,"S",5.5,1.3,"NNE",-0.07,2019-01-19 09:00:00
"699",0.8,"SE",5.8,2.3,"NNE",0,2019-01-19 08:00:00
"700",0.7,"S",5.3,3.2,"NNE",0.08,2019-01-19 07:00:00
"701",0.6,"SE",5.2,2.9,"N",0.1,2019-01-19 06:00:00
"702",0.8,"S",5.4,2.6,"NNE",0.07,2019-01-19 05:00:00
"703",0.9,"S",5.1,3.9,"NE",-0.01,2019-01-19 04:00:00
"704",1,"S",5.6,2.1,"NNE",-0.12,2019-01-19 03:00:00
"705",0.9,"S",5.1,2.7,"NNE",-0.22,2019-01-19 02:00:00
"706",0.9,"S",4.9,1.8,"NNE",-0.28,2019-01-19 01:00:00
"707",0.9,"S",5.4,2.7,"NE",-0.27,2019-01-19 00:00:00
"708",1,"S",5.6,1.9,"N",-0.17,2019-01-18 23:00:00
"709",0.8,"S",5.2,1.2,"NW",-0.01,2019-01-18 22:00:00
"710",0.8,"S",5.2,1.55,"-",0.18,2019-01-18 21:00:00
"711",0.8,"SE",4.9,1.9,"NNW",0.38,2019-01-18 20:00:00
"712",0.8,"S",5,2.2,"NNW",0.54,2019-01-18 19:00:00
"713",0.8,"SE",4.7,2.6,"NW",0.65,2019-01-18 18:00:00
"714",0.8,"W",4.5,2.4,"W",0.66,2019-01-18 17:00:00
"715",0.8,"NW",5,1.7,"W",0.59,2019-01-18 16:00:00
"716",0.8,"SE",5,3.2,"W",0.45,2019-01-18 15:00:00
"717",0.7,"SE",4.9,4,"W",0.29,2019-01-18 14:00:00
"718",0.8,"S",5.1,3.8,"WNW",0.12,2019-01-18 13:00:00
"719",0.8,"S",5.3,4.5,"NW",-0.02,2019-01-18 12:00:00
"720",0.8,"S",5.2,4.5,"NW",-0.11,2019-01-18 11:00:00
"721",0.9,"S",5.3,4.5,"NNW",-0.12,2019-01-18 10:00:00
"722",1,"S",5.8,4.5,"N",-0.11,2019-01-18 09:00:00
"5531",0.9,"SW",5.2,4,"NNW",-0.06,2019-01-18 08:00:00
"5541",0.9,"S",5.3,3.5,"NNW",0.01,2019-01-18 07:00:00
"5551",0.9,"W",5.2,3.4,"NNW",0.07,2019-01-18 06:00:00
"5561",1,"W",5.2,4.7,"NNW",0.08,2019-01-18 05:00:00
"5571",0.9,"SE",5.1,5.1,"NNW",0.04,2019-01-18 04:00:00
"5581",1,"SE",5.3,4.8,"NNW",-0.04,2019-01-18 03:00:00
"5591",0.7,"W",4.9,5.8,"NNW",-0.12,2019-01-18 02:00:00
"5601",0.7,"SE",5.4,6,"NNW",-0.19,2019-01-18 01:00:00
"5611",0.6,"SE",5.3,7.4,"NNW",-0.23,2019-01-18 00:00:00
"5621",0.7,"SE",5.3,5.8,"NNW",-0.19,2019-01-17 23:00:00
"5631",0.7,"W",4.8,5.7,"NNW",-0.1,2019-01-17 22:00:00
"5641",0.7,"SE",5,3.8,"NNW",0.04,2019-01-17 21:00:00
"5651",0.7,"SW",5,3.4,"NNW",0.18,2019-01-17 20:00:00
"5661",0.7,"W",5.2,3.6,"NW",0.34,2019-01-17 19:00:00
"5671",0.7,"SE",5,2,"NW",0.46,2019-01-17 18:00:00
"5681",0.7,"S",5,1.5,"NW",0.52,2019-01-17 17:00:00
"5691",0.9,"W",5.1,3.2,"WNW",0.49,2019-01-17 16:00:00
"5701",0.8,"W",4.7,5,"NW",0.41,2019-01-17 15:00:00
"5711",0.8,"W",4.8,2.7,"NW",0.29,2019-01-17 14:00:00
"5721",0.8,"S",4.9,5.5,"NW",0.14,2019-01-17 13:00:00
"5731",0.8,"W",4.9,3.7,"NNW",-0.01,2019-01-17 12:00:00
"5741",0.8,"W",5.2,5.6,"NNW",-0.11,2019-01-17 11:00:00
"5751",0.8,"W",5,5.8,"NNW",-0.15,2019-01-17 10:00:00
"5761",1,"NW",5.3,3,"NNE",-0.14,2019-01-17 09:00:00
"5771",0.9,"W",5.6,4.9,"N",-0.12,2019-01-17 08:00:00
"5781",0.9,"SW",5.5,4.7,"NNW",-0.07,2019-01-17 07:00:00
"5791",0.8,"W",5.1,5.3,"NNW",0,2019-01-17 06:00:00
"5801",0.9,"SE",5.4,4.2,"NW",0.05,2019-01-17 05:00:00
"5811",0.8,"SW",5.1,2.7,"N",0.07,2019-01-17 04:00:00
"5821",0.8,"W",5,4,"NNE",0.05,2019-01-17 03:00:00
"5831",0.7,"SE",5.2,4.2,"N",0.02,2019-01-17 02:00:00
"5841",0.8,"SE",5.2,4.3,"N",-0.06,2019-01-17 01:00:00
"5851",0.7,"SE",5.4,3.1,"NNE",-0.13,2019-01-17 00:00:00
"5861",0.7,"SE",5.6,2.5,"NNE",-0.16,2019-01-16 23:00:00
"5871",0.8,"SE",5.2,2.5,"N",-0.14,2019-01-16 22:00:00
"5881",0.8,"SE",5.3,4.5,"N",-0.08,2019-01-16 21:00:00
"5891",0.8,"SE",6,3.8,"N",0.02,2019-01-16 20:00:00
"5901",0.8,"SE",5.3,3.5,"NNW",0.13,2019-01-16 19:00:00
"5911",1,"W",5.6,4,"NNW",0.25,2019-01-16 18:00:00
"5921",1,"SE",6.1,3.4,"NNW",0.32,2019-01-16 17:00:00
"5931",1,"SE",6.3,4.1,"NW",0.35,2019-01-16 16:00:00
"5941",0.9,"SE",6.2,4.2,"NNW",0.33,2019-01-16 15:00:00
"5951",0.8,"SE",5.1,4.7,"NNW",0.26,2019-01-16 14:00:00
"5961",0.9,"S",5,3.9,"NNW",0.14,2019-01-16 13:00:00
"5971",1,"SE",5.2,5.1,"NNW",0.01,2019-01-16 12:00:00
"5981",1.1,"SE",5.3,5,"NNW",-0.09,2019-01-16 11:00:00
"5991",1.1,"SE",5.2,4.5,"NNW",-0.18,2019-01-16 10:00:00
"6001",1.2,"SE",5.8,5.2,"NNW",-0.19,2019-01-16 09:00:00
"6011",1.1,"SE",5.2,5.1,"NNW",-0.18,2019-01-16 08:00:00
"6021",1,"S",5.4,4,"NNW",-0.12,2019-01-16 07:00:00
"6031",1,"SE",5.7,3.4,"NNW",-0.06,2019-01-16 06:00:00
"6041",0.9,"SE",5.8,2.7,"NNW",0.04,2019-01-16 05:00:00
"6051",0.9,"SE",5.5,3.6,"NNW",0.11,2019-01-16 04:00:00
"6061",0.9,"S",5.6,4,"NNW",0.13,2019-01-16 03:00:00
"6071",0.8,"S",4.8,3.1,"N",0.13,2019-01-16 02:00:00
"6081",1,"SE",5.2,5.4,"NNW",0.11,2019-01-16 01:00:00
"6091",0.9,"SE",5,3.4,"NW",0.04,2019-01-16 00:00:00
"6101",0.9,"SE",4.9,3.7,"NW",-0.02,2019-01-15 23:00:00
"6111",1,"SE",5.3,3.5,"NW",-0.06,2019-01-15 22:00:00
"6121",1,"SE",5.4,1.4,"NNE",-0.05,2019-01-15 21:00:00
"6131",1.1,"SE",5.6,1.7,"NNE",-0.02,2019-01-15 20:00:00
"6141",0.9,"SE",5.4,3.8,"NNW",0.04,2019-01-15 19:00:00
"6151",0.9,"SE",5.7,5.8,"NNW",0.12,2019-01-15 18:00:00
"6161",1.1,"SE",5.5,4.6,"NW",0.2,2019-01-15 17:00:00
"6171",1,"SE",5.4,4.2,"NW",0.26,2019-01-15 16:00:00
"6181",1.1,"SE",5.7,4.6,"WNW",0.28,2019-01-15 15:00:00
"6191",1.1,"SE",6.1,2.9,"W",0.26,2019-01-15 14:00:00
"6201",1,"S",5.5,1.6,"SW",0.18,2019-01-15 13:00:00
"6211",1.1,"SE",5.3,1.64,"-",0.07,2019-01-15 12:00:00
"6221",0.9,"SE",5,1.68,"-",-0.02,2019-01-15 11:00:00
"6231",1,"S",5.1,1.72,"-",-0.11,2019-01-15 10:00:00
"6241",1,"SE",5,1.76,"-",-0.16,2019-01-15 09:00:00
"6251",1,"S",5.4,1.8,"N",-0.17,2019-01-15 08:00:00
"6261",0.9,"SE",5.4,2.2,"NNE",-0.14,2019-01-15 07:00:00
"6271",1,"SE",5.7,2.2,"NNE",-0.09,2019-01-15 06:00:00
"6281",0.9,"SE",5.7,2.5,"NNE",-0.01,2019-01-15 05:00:00
"6291",0.8,"SE",5.5,3.6,"NNW",0.08,2019-01-15 04:00:00
"6301",0.7,"SE",5,2.2,"NW",0.15,2019-01-15 03:00:00
"6311",0.8,"SE",5.1,2.1,"NNW",0.2,2019-01-15 02:00:00
"6321",0.8,"SW",4.6,2.9,"NW",0.21,2019-01-15 01:00:00
"6331",0.9,"SE",5,2.1,"NW",0.17,2019-01-15 00:00:00
"6341",0.8,"SE",4.8,1.8,"WNW",0.12,2019-01-14 23:00:00
"6351",0.8,"SE",4.9,1.1,"WNW",0.06,2019-01-14 22:00:00
"6361",0.8,"SE",4.9,2.4,"WNW",0.02,2019-01-14 21:00:00
"6371",0.8,"SE",4.9,2.2,"NW",0,2019-01-14 20:00:00
"6381",0.7,"SE",4.8,3.6,"NW",0.01,2019-01-14 19:00:00
"6391",0.7,"SE",4.9,4.5,"NW",0.04,2019-01-14 18:00:00
"6401",0.8,"SE",5.2,4.2,"WNW",0.09,2019-01-14 17:00:00
"6411",0.8,"SE",5,4.4,"WNW",0.16,2019-01-14 16:00:00
"6421",0.8,"SE",5.3,3.9,"WNW",0.2,2019-01-14 15:00:00
"6431",0.7,"S",5.3,3.3,"W",0.2,2019-01-14 14:00:00
"6441",0.8,"SE",5.3,3,"WNW",0.18,2019-01-14 13:00:00
"6451",0.9,"SE",5.3,1.4,"WSW",0.12,2019-01-14 12:00:00
"6461",1,"SE",5,1.2,"W",0.03,2019-01-14 11:00:00
"6471",0.9,"S",5.2,1.9,"WNW",-0.06,2019-01-14 10:00:00
"6481",0.9,"SE",5.3,1.1,"NNW",-0.14,2019-01-14 09:00:00
"6491",0.8,"SE",5.5,1.5,"N",-0.19,2019-01-14 08:00:00
"6501",0.9,"SE",5.3,2.5,"NNW",-0.18,2019-01-14 07:00:00
"6511",0.9,"S",5.5,2.3,"NNW",-0.14,2019-01-14 06:00:00
"6521",0.7,"S",5.2,3.5,"NNW",-0.06,2019-01-14 05:00:00
"6531",0.7,"S",5.1,3.3,"NNW",0.03,2019-01-14 04:00:00
"6541",0.8,"SW",5.2,3,"NW",0.13,2019-01-14 03:00:00
"6551",0.8,"S",5,2.3,"NW",0.22,2019-01-14 02:00:00
"6561",0.6,"SE",4.6,2.1,"NNW",0.27,2019-01-14 01:00:00
"6571",0.6,"SE",4.7,3.7,"NNW",0.27,2019-01-14 00:00:00
"6581",0.7,"SE",4.8,4.2,"NW",0.23,2019-01-13 23:00:00
"6591",0.6,"SE",5,3.4,"NW",0.17,2019-01-13 22:00:00
"6601",0.7,"SE",5.5,2.7,"WNW",0.1,2019-01-13 21:00:00
"6611",0.7,"SE",5.4,2.3,"WNW",0.03,2019-01-13 20:00:00
"6621",0.7,"SE",5.1,3.2,"NW",-0.04,2019-01-13 19:00:00
"6631",0.7,"SE",5.5,3.3,"WNW",-0.06,2019-01-13 18:00:00
"6641",0.7,"SE",5.6,3.4,"WNW",-0.05,2019-01-13 17:00:00
"6651",0.7,"SE",5.6,3.8,"NW",-0.03,2019-01-13 16:00:00
"6661",0.8,"SE",6,2.7,"WNW",0.01,2019-01-13 15:00:00
"6671",0.7,"SE",6.5,3,"WNW",0.05,2019-01-13 14:00:00
"6681",0.7,"SE",6.3,2.8,"WNW",0.06,2019-01-13 13:00:00
"6691",0.8,"S",6.3,2.1,"W",0.03,2019-01-13 12:00:00
"6701",0.7,"SE",5.6,2.7,"NNW",-0.03,2019-01-13 11:00:00
"6711",0.7,"SE",5.4,2.8,"NNW",-0.12,2019-01-13 10:00:00
"6721",0.7,"SE",5.6,2.8,"NW",-0.2,2019-01-13 09:00:00
"6731",0.8,"S",5.6,1.7,"NNW",-0.27,2019-01-13 08:00:00
"6741",0.9,"S",5.1,2.4,"NNE",-0.3,2019-01-13 07:00:00
"6751",0.9,"SE",5.6,3.2,"N",-0.28,2019-01-13 06:00:00
"6761",0.9,"SE",5.9,5,"NNW",-0.2,2019-01-13 05:00:00
"6771",1,"S",6.2,1.1,"N",-0.1,2019-01-13 04:00:00
"6781",1,"SE",5.9,1.1,"NNE",0.02,2019-01-13 03:00:00
"6791",0.9,"SE",5.8,1.4,"NNE",0.14,2019-01-13 02:00:00
"6801",1.1,"SE",6.7,3.6,"NNW",0.26,2019-01-13 01:00:00
"6811",1,"SE",6.2,3.9,"NNW",0.32,2019-01-13 00:00:00
"6821",0.8,"SE",5.5,3.7,"NNW",0.33,2019-01-12 23:00:00
"6831",0.7,"SE",5,2.9,"NNW",0.3,2019-01-12 22:00:00
"6841",0.8,"SE",5.4,1.5,"W",0.23,2019-01-12 21:00:00
"6851",0.8,"SE",5.3,1.63333333333333,"-",0.14,2019-01-12 20:00:00
"6861",0.7,"SE",5.1,1.76666666666667,"-",0.03,2019-01-12 19:00:00
"6871",0.8,"SE",5,1.9,"N",-0.04,2019-01-12 18:00:00
"6881",0.7,"SE",5.1,4,"NW",-0.07,2019-01-12 17:00:00
"6891",0.9,"SE",5.8,5.1,"NW",-0.07,2019-01-12 16:00:00
"6901",0.8,"SE",5.9,6,"NW",-0.06,2019-01-12 15:00:00
"6911",0.9,"SE",6.5,5,"NW",-0.02,2019-01-12 14:00:00
"6921",0.9,"SE",6.6,2.5,"WNW",0.01,2019-01-12 13:00:00
"6931",1,"SE",6.7,1.4,"SSW",0.02,2019-01-12 12:00:00
"6941",0.8,"SE",6.3,1.6,"S",-0.02,2019-01-12 11:00:00
"6951",0.8,"SE",6.2,1.3,"ESE",-0.08,2019-01-12 10:00:00
"6961",0.8,"SE",5.7,1.9,"NE",-0.17,2019-01-12 09:00:00
"6971",0.8,"SE",5.8,2.8,"N",-0.25,2019-01-12 08:00:00
"6981",0.9,"SE",6,3.1,"NNW",-0.3,2019-01-12 07:00:00
"6991",1,"SE",6.5,1.4,"ENE",-0.31,2019-01-12 06:00:00
"7001",0.9,"SE",6.5,3.1,"NE",-0.27,2019-01-12 05:00:00
"7011",1,"SE",6.3,3.7,"NE",-0.18,2019-01-12 04:00:00
"7021",0.8,"SE",6.3,3.4,"NE",-0.06,2019-01-12 03:00:00
"7031",0.7,"SE",6,2.4,"NNE",0.1,2019-01-12 02:00:00
"7041",0.7,"SE",5.7,1.7,"NNE",0.25,2019-01-12 01:00:00
"7051",1.1,"SE",6,2.4,"NNE",0.37,2019-01-12 00:00:00
"7061",1,"SE",6,2.2,"NNE",0.44,2019-01-11 23:00:00
"7071",1.1,"SE",6,3.1,"NNE",0.44,2019-01-11 22:00:00
"7081",1.1,"SE",5.4,2.8,"N",0.41,2019-01-11 21:00:00
"7091",1,"SE",5.2,3.9,"NNW",0.3,2019-01-11 20:00:00
"7101",0.9,"S",4.4,4,"NNW",0.17,2019-01-11 19:00:00
"7111",1,"SE",5,4.6,"NNW",0.05,2019-01-11 18:00:00
"7121",1,"SE",5.2,2,"S",-0.02,2019-01-11 17:00:00
"7131",0.8,"SE",5.3,2.6,"SSW",-0.05,2019-01-11 16:00:00
"7141",0.9,"SE",6.1,1.9,"WSW",-0.07,2019-01-11 15:00:00
"7151",0.6,"SE",6.1,3.7,"NW",-0.04,2019-01-11 14:00:00
"7161",0.8,"SE",6.7,1.3,"WSW",0,2019-01-11 13:00:00
"7171",0.6,"S",5.5,1.3,"-",0.02,2019-01-11 12:00:00
"7181",0.7,"S",5.7,1.3,"E",0.01,2019-01-11 11:00:00
"7191",0.7,"S",5.2,2.6,"NE",-0.02,2019-01-11 10:00:00
"7201",0.7,"S",5,3.6,"NNE",-0.1,2019-01-11 09:00:00
"7211",0.8,"S",5.6,3.3,"NNE",-0.2,2019-01-11 08:00:00
"7221",0.8,"S",5.8,2.9,"NNE",-0.28,2019-01-11 07:00:00
"723",0.7,"SE",5.4,2.4,"NE",-0.32,2019-01-11 06:00:00
"724",0.8,"S",5.5,1.5,"N",-0.31,2019-01-11 05:00:00
"725",0.7,"S",5.1,1.3,"NNE",-0.24,2019-01-11 04:00:00
"726",0.7,"S",5.2,1.3,"N",-0.13,2019-01-11 03:00:00
"727",0.8,"SE",5.3,1.9,"NNE",0.03,2019-01-11 02:00:00
"728",0.9,"SE",5.2,3.6,"E",0.2,2019-01-11 01:00:00
"729",0.8,"S",5.1,3.3,"SE",0.36,2019-01-11 00:00:00
"730",0.8,"S",5.3,3.6,"SE",0.46,2019-01-10 23:00:00
"731",0.8,"S",5.1,1.9,"SE",0.51,2019-01-10 22:00:00
"732",0.9,"SE",5.2,1.96666666666667,"-",0.49,2019-01-10 21:00:00
"733",0.9,"S",5.2,2.03333333333333,"-",0.41,2019-01-10 20:00:00
"734",0.8,"SE",5.1,2.1,"NW",0.28,2019-01-10 19:00:00
"735",0.7,"SE",5.4,3.8,"NNW",0.12,2019-01-10 18:00:00
"736",0.6,"SE",5.4,5.1,"NW",0,2019-01-10 17:00:00
"737",0.6,"SE",5.7,5.7,"NW",-0.07,2019-01-10 16:00:00
"738",0.5,"S",5.9,5.6,"NW",-0.11,2019-01-10 15:00:00
"739",0.6,"SE",6.1,4.4,"NW",-0.1,2019-01-10 14:00:00
"740",0.6,"SW",5.9,2.6,"WNW",-0.06,2019-01-10 13:00:00
"741",0.6,"W",6.1,1.4,"W",-0.01,2019-01-10 12:00:00
"742",0.7,"SW",5.5,1.9,"WNW",0.02,2019-01-10 11:00:00
"743",0.7,"W",5.4,1.65,"-",0.01,2019-01-10 10:00:00
"744",0.9,"W",5.2,1.4,"NE",-0.05,2019-01-10 09:00:00
"745",1,"W",5.1,1.2,"NNE",-0.14,2019-01-10 08:00:00
"746",0.9,"S",5.1,1.7,"-",-0.24,2019-01-10 07:00:00
"747",0.9,"W",5,2.2,"NNW",-0.32,2019-01-10 06:00:00
"748",0.9,"SE",5.3,3.7,"NNW",-0.35,2019-01-10 05:00:00
"749",0.9,"S",5.6,3.2,"NNW",-0.32,2019-01-10 04:00:00
"750",0.9,"SE",5.8,3.4,"NW",-0.23,2019-01-10 03:00:00
"751",0.9,"S",5.7,2.6,"NW",-0.08,2019-01-10 02:00:00
"752",0.7,"NW",5.1,3.5,"NW",0.11,2019-01-10 01:00:00
"753",0.9,"S",5.2,4.6,"NW",0.29,2019-01-10 00:00:00
"754",1,"SW",5.5,4.2,"NW",0.44,2019-01-09 23:00:00
"755",1,"W",4.9,4.4,"NW",0.51,2019-01-09 22:00:00
"756",1,"W",5.2,3.3,"WNW",0.52,2019-01-09 21:00:00
"757",1,"SW",5.1,1.5,"WNW",0.45,2019-01-09 20:00:00
"758",1,"SW",4.9,2.1,"WNW",0.33,2019-01-09 19:00:00
"759",1,"W",5,2.8,"WNW",0.17,2019-01-09 18:00:00
"760",0.9,"W",5.3,2.8,"WNW",0.02,2019-01-09 17:00:00
"761",0.8,"W",5.2,3.7,"WNW",-0.08,2019-01-09 16:00:00
"762",0.9,"W",5.4,4.5,"WNW",-0.15,2019-01-09 15:00:00
"763",0.7,"W",5.5,4.7,"WNW",-0.17,2019-01-09 14:00:00
"764",1,"W",5.6,3.2,"WNW",-0.14,2019-01-09 13:00:00
"765",0.8,"SW",5.6,2.2,"W",-0.09,2019-01-09 12:00:00
"766",0.9,"W",5.1,1.2,"WNW",-0.06,2019-01-09 11:00:00
"767",0.9,"W",5.2,1.4,"-",-0.05,2019-01-09 10:00:00
"768",1.1,"W",5.2,1.6,"NNE",-0.08,2019-01-09 09:00:00
"769",1,"W",5.1,3,"N",-0.17,2019-01-09 08:00:00
"770",0.9,"SE",5.2,4.7,"NNW",-0.26,2019-01-09 07:00:00
"771",0.9,"SE",5.6,5.1,"NNW",-0.34,2019-01-09 06:00:00
"772",0.8,"SE",5.6,4.8,"NNW",-0.39,2019-01-09 05:00:00
"773",0.8,"SE",5.6,4.3,"NNW",-0.38,2019-01-09 04:00:00
"774",0.8,"SE",5.2,3.3,"NNW",-0.32,2019-01-09 03:00:00
"775",0.8,"SE",5.3,3.9,"NW",-0.18,2019-01-09 02:00:00
"776",0.9,"SE",5.2,4.8,"NW",0,2019-01-09 01:00:00
"777",0.8,"SE",4.9,4.6,"NNW",0.21,2019-01-09 00:00:00
"778",0.9,"SE",5.3,4.2,"NW",0.39,2019-01-08 23:00:00
"779",0.8,"SE",5.2,3.7,"NW",0.52,2019-01-08 22:00:00
"780",1,"SE",5.4,4.5,"NNW",0.59,2019-01-08 21:00:00
"781",0.9,"SE",5.1,3.8,"NW",0.58,2019-01-08 20:00:00
"782",0.8,"SE",5.3,2.3,"W",0.49,2019-01-08 19:00:00
"783",0.8,"SE",5.2,3.7,"NW",0.34,2019-01-08 18:00:00
"784",0.7,"SE",5.4,2.5,"WNW",0.18,2019-01-08 17:00:00
"785",0.7,"SE",5.6,1.9,"WNW",0.05,2019-01-08 16:00:00
"786",0.6,"SE",5.8,3.6,"NW",-0.06,2019-01-08 15:00:00
"787",0.6,"SE",5.4,3.2,"WNW",-0.12,2019-01-08 14:00:00
"788",0.6,"SE",5.7,1.9,"WNW",-0.11,2019-01-08 13:00:00
"789",0.6,"SE",5.5,2.3,"WNW",-0.07,2019-01-08 12:00:00
"790",0.7,"W",5.1,2.8,"WNW",-0.04,2019-01-08 11:00:00
"791",0.8,"SE",5.4,1.8,"NNE",-0.01,2019-01-08 10:00:00
"792",0.9,"W",5.1,2,"NNE",-0.02,2019-01-08 09:00:00
"793",0.9,"SE",5.2,2.3,"NNE",-0.09,2019-01-08 08:00:00
"794",0.7,"SE",5.5,1.8,"NNE",-0.19,2019-01-08 07:00:00
"795",0.6,"SE",5.6,2.1,"N",-0.29,2019-01-08 06:00:00
"796",0.6,"SE",6,3.3,"NNE",-0.38,2019-01-08 05:00:00
"797",0.7,"SE",6.1,2.5,"N",-0.41,2019-01-08 04:00:00
"798",0.8,"SE",6.2,2,"N",-0.36,2019-01-08 03:00:00
"799",0.7,"S",5.5,3.2,"NNW",-0.26,2019-01-08 02:00:00
"800",0.8,"SE",5.4,3.3,"NNW",-0.1,2019-01-08 01:00:00
"801",0.9,"SE",6,4.6,"NNW",0.11,2019-01-08 00:00:00
"802",0.8,"SE",6.2,4.4,"NNW",0.32,2019-01-07 23:00:00
"803",0.9,"SE",6.4,3.6,"NW",0.5,2019-01-07 22:00:00
"804",0.9,"SE",6.3,2.75,"-",0.6,2019-01-07 21:00:00
"805",0.9,"S",6,1.9,"NW",0.6,2019-01-07 20:00:00
"806",0.9,"SE",6,2.2,"NW",0.54,2019-01-07 19:00:00
"807",0.9,"SE",5.9,4.3,"NW",0.42,2019-01-07 18:00:00
"808",0.9,"SE",5.6,5,"NW",0.26,2019-01-07 17:00:00
"809",0.9,"SE",5.6,5.7,"NW",0.1,2019-01-07 16:00:00
"810",0.9,"SE",6,5,"WNW",-0.04,2019-01-07 15:00:00
"811",0.8,"SE",6.1,4.6,"WNW",-0.11,2019-01-07 14:00:00
"812",0.7,"SE",6.3,3.9,"WNW",-0.13,2019-01-07 13:00:00
"813",0.7,"SE",6.1,2.9,"WNW",-0.11,2019-01-07 12:00:00
"814",0.8,"SE",6.1,2.3,"WNW",-0.07,2019-01-07 11:00:00
"815",0.8,"S",5.4,2.3,"NNW",-0.03,2019-01-07 10:00:00
"816",1,"NW",5.3,4.3,"NNW",-0.01,2019-01-07 09:00:00
"817",1,"W",5.3,2.7,"-",-0.05,2019-01-07 08:00:00
"818",0.9,"SE",5.6,1.1,"NNE",-0.15,2019-01-07 07:00:00
"819",0.8,"SE",5.6,1.4,"N",-0.25,2019-01-07 06:00:00
"820",0.9,"SE",6.1,1.6,"NE",-0.35,2019-01-07 05:00:00
"821",0.9,"SE",5.8,2.9,"NNW",-0.43,2019-01-07 04:00:00
"822",0.7,"SE",5.5,4.2,"NW",-0.44,2019-01-07 03:00:00
"823",0.9,"SE",5.8,3,"WNW",-0.37,2019-01-07 02:00:00
"824",1,"W",6,1.2,"NW",-0.23,2019-01-07 01:00:00
"825",1,"SE",5.8,1.6,"NW",-0.05,2019-01-07 00:00:00
"826",1.1,"W",6.1,3.1,"NNW",0.15,2019-01-06 23:00:00
"827",0.9,"SE",5.4,3.4,"NNW",0.34,2019-01-06 22:00:00
"828",0.8,"SE",5.7,4.2,"NNW",0.48,2019-01-06 21:00:00
"829",0.8,"SE",5.3,4.7,"NNW",0.55,2019-01-06 20:00:00
"830",1,"SE",5.1,5.4,"NW",0.54,2019-01-06 19:00:00
"831",0.9,"SE",5.1,4.5,"NW",0.46,2019-01-06 18:00:00
"832",0.9,"S",5.2,4.6,"WNW",0.3,2019-01-06 17:00:00
"833",0.9,"SE",5.2,4.3,"WNW",0.14,2019-01-06 16:00:00
"834",0.8,"W",4.9,3.4,"WNW",-0.02,2019-01-06 15:00:00
"835",0.7,"W",4.8,3,"NW",-0.13,2019-01-06 14:00:00
"836",0.7,"SE",4.7,3.6,"NW",-0.19,2019-01-06 13:00:00
"837",0.8,"W",4.5,6,"NNW",-0.21,2019-01-06 12:00:00
"838",0.6,"SE",6.7,5.2,"NNW",-0.17,2019-01-06 11:00:00
"839",0.8,"SE",6.2,3.7,"N",-0.11,2019-01-06 10:00:00
"840",0.8,"SE",5.7,4.1,"NNW",-0.07,2019-01-06 09:00:00
"841",0.8,"SE",5,3.8,"N",-0.07,2019-01-06 08:00:00
"842",0.9,"SE",5.7,3.3,"N",-0.12,2019-01-06 07:00:00
"843",0.9,"S",5.4,2.1,"N",-0.21,2019-01-06 06:00:00
"844",0.8,"SE",5.8,2.3,"NNW",-0.31,2019-01-06 05:00:00
"845",0.8,"S",5.8,3.3,"N",-0.4,2019-01-06 04:00:00
"846",0.8,"SE",5.9,3,"NNE",-0.46,2019-01-06 03:00:00
"847",0.8,"SE",5.7,2,"NNE",-0.44,2019-01-06 02:00:00
"848",0.9,"SE",6.1,2.9,"N",-0.34,2019-01-06 01:00:00
"849",0.8,"SE",5.7,2.7,"NNE",-0.17,2019-01-06 00:00:00
"850",0.9,"SE",5.9,2.2,"SSE",0.01,2019-01-05 23:00:00
"851",0.8,"SE",5.7,2.8,"SSE",0.23,2019-01-05 22:00:00
"852",0.7,"SE",5.1,2.6,"SSE",0.42,2019-01-05 21:00:00
"853",1,"SE",5.4,2.5,"SSE",0.52,2019-01-05 20:00:00
"854",0.8,"SE",5.4,2.2,"S",0.55,2019-01-05 19:00:00
"855",0.8,"S",4.9,2.5,"S",0.5,2019-01-05 18:00:00
"856",0.9,"SE",5.3,2.7,"SSE",0.38,2019-01-05 17:00:00
"857",0.9,"SE",5.2,3.4,"S",0.25,2019-01-05 16:00:00
"858",0.9,"SE",5.7,3.9,"SSE",0.08,2019-01-05 15:00:00
"859",0.8,"SE",5,4.2,"SSE",-0.06,2019-01-05 14:00:00
"860",0.8,"SE",5.1,3.5,"SE",-0.14,2019-01-05 13:00:00
"861",0.8,"E",5.6,3.4,"SE",-0.19,2019-01-05 12:00:00
"862",0.8,"SE",5.9,1.1,"ESE",-0.21,2019-01-05 11:00:00
"863",0.7,"SE",6.6,2.9,"NE",-0.16,2019-01-05 10:00:00
"864",0.8,"SE",6.8,3.6,"NE",-0.12,2019-01-05 09:00:00
"865",0.7,"SE",6.3,3.1,"NE",-0.08,2019-01-05 08:00:00
"866",0.8,"S",6,3.1,"NE",-0.09,2019-01-05 07:00:00
"867",0.7,"S",5.7,2.8,"NE",-0.17,2019-01-05 06:00:00
"868",0.8,"SE",5.4,2.9,"NE",-0.26,2019-01-05 05:00:00
"869",0.8,"S",5.9,2.1,"NE",-0.35,2019-01-05 04:00:00
"870",0.8,"S",5.7,3.2,"NE",-0.41,2019-01-05 03:00:00
"871",0.7,"S",5.8,2.9,"NE",-0.44,2019-01-05 02:00:00
"872",0.8,"SE",5.3,3.1,"NE",-0.38,2019-01-05 01:00:00
"873",0.9,"S",5.7,3.8,"ENE",-0.25,2019-01-05 00:00:00
"874",0.7,"SW",4.9,2.4,"NE",-0.09,2019-01-04 23:00:00
"875",0.8,"S",5.1,2.3,"NNE",0.1,2019-01-04 22:00:00
"876",0.8,"SE",4.7,1.6,"N",0.3,2019-01-04 21:00:00
"877",0.9,"S",5.1,2.9,"NNW",0.45,2019-01-04 20:00:00
"878",0.8,"SE",5.1,2.7,"NNW",0.52,2019-01-04 19:00:00
"879",0.7,"SE",5,3.2,"NNW",0.51,2019-01-04 18:00:00
"880",0.9,"SE",5.1,3.6,"NW",0.43,2019-01-04 17:00:00
"881",0.9,"SE",5.4,3,"NW",0.32,2019-01-04 16:00:00
"882",0.8,"W",4.8,2.5,"NNW",0.15,2019-01-04 15:00:00
"883",0.9,"W",5.2,2.9,"WNW",0,2019-01-04 14:00:00
"884",0.8,"W",5.4,2.9,"WNW",-0.12,2019-01-04 13:00:00
"885",0.9,"SE",6,2.9,"NW",-0.18,2019-01-04 12:00:00
"886",1.1,"SE",7,1.7,"NW",-0.2,2019-01-04 11:00:00
"887",1.1,"SE",6.6,3.4,"N",-0.17,2019-01-04 10:00:00
"888",1,"SE",6.6,3.2,"NNW",-0.1,2019-01-04 09:00:00
"889",0.8,"SE",6.4,2.3,"NNW",-0.05,2019-01-04 08:00:00
"890",0.7,"SE",6,3.2,"NW",-0.03,2019-01-04 07:00:00
"891",0.7,"S",5.4,2.2,"NNW",-0.07,2019-01-04 06:00:00
"892",0.8,"S",5.3,2.6,"NNW",-0.13,2019-01-04 05:00:00
"893",0.8,"S",5,2.2,"N",-0.22,2019-01-04 04:00:00
"894",0.8,"S",5.4,3.6,"NNW",-0.31,2019-01-04 03:00:00
"895",0.8,"SE",5.7,4,"NNW",-0.37,2019-01-04 02:00:00
"896",0.8,"S",5.3,4.1,"NW",-0.37,2019-01-04 01:00:00
"897",0.9,"SE",5.4,4.7,"NW",-0.3,2019-01-04 00:00:00
"898",0.8,"S",5.4,4.9,"NW",-0.16,2019-01-03 23:00:00
"899",1,"S",5.8,4.7,"NW",0.01,2019-01-03 22:00:00
"900",0.9,"SW",5.9,4.8,"WNW",0.2,2019-01-03 21:00:00
"901",1,"SE",5.9,3.6,"W",0.37,2019-01-03 20:00:00
"902",0.9,"SE",5.4,3.2,"W",0.49,2019-01-03 19:00:00
"903",1,"SE",5.5,3.3,"WNW",0.53,2019-01-03 18:00:00
"904",1,"W",5.2,2.8,"WNW",0.48,2019-01-03 17:00:00
"905",0.9,"SE",5.3,2,"WNW",0.39,2019-01-03 16:00:00
"906",0.9,"SE",5.2,2.5,"WNW",0.24,2019-01-03 15:00:00
"907",1,"SE",5.8,2.8,"WNW",0.09,2019-01-03 14:00:00
"908",1,"SE",5.4,2.6,"WNW",-0.05,2019-01-03 13:00:00
"909",1.1,"SE",5.6,3.2,"NW",-0.15,2019-01-03 12:00:00
"910",1,"SE",6.1,3,"NNW",-0.19,2019-01-03 11:00:00
"911",1.1,"E",6,2.4,"N",-0.19,2019-01-03 10:00:00
"912",1.3,"SE",6.2,3.3,"NNW",-0.14,2019-01-03 09:00:00
"913",1.2,"SE",5.7,1.7,"N",-0.05,2019-01-03 08:00:00
"914",0.9,"SE",7.1,3.1,"NNE",0,2019-01-03 07:00:00
"915",0.9,"SE",6.4,4.7,"NNW",0.02,2019-01-03 06:00:00
"916",0.9,"SE",5.9,4.2,"N",-0.02,2019-01-03 05:00:00
"917",1,"S",5.5,2.8,"NNE",-0.08,2019-01-03 04:00:00
"918",0.9,"SE",5.3,2.7,"N",-0.18,2019-01-03 03:00:00
"919",0.9,"S",5.7,2.3,"N",-0.26,2019-01-03 02:00:00
"920",1.3,"SE",6.7,1.5,"N",-0.29,2019-01-03 01:00:00
"921",1,"SE",6.1,2.6,"NNW",-0.27,2019-01-03 00:00:00
"922",1,"SE",6.2,2.5,"N",-0.2,2019-01-02 23:00:00
"923",1.1,"SE",6.3,3.9,"NNW",-0.08,2019-01-02 22:00:00
"924",1,"S",5.8,3.1,"NNW",0.08,2019-01-02 21:00:00
"925",1,"S",6.6,2.1,"N",0.26,2019-01-02 20:00:00
"926",1,"SE",6.4,2.7,"N",0.4,2019-01-02 19:00:00
"927",0.9,"SE",6.4,1.8,"N",0.5,2019-01-02 18:00:00
"928",1,"S",6.3,2.8,"NNW",0.51,2019-01-02 17:00:00
"929",1,"S",5.8,1.9,"NNW",0.44,2019-01-02 16:00:00
"930",0.9,"S",5.2,2.2,"NW",0.32,2019-01-02 15:00:00
"931",0.8,"SW",5.1,2.4,"NW",0.16,2019-01-02 14:00:00
"932",0.8,"S",5.3,2.7,"WNW",0.03,2019-01-02 13:00:00
"933",1,"S",5.4,2.1,"WNW",-0.11,2019-01-02 12:00:00
"934",0.9,"SE",5.3,1.2,"WNW",-0.18,2019-01-02 11:00:00
"935",1.2,"SE",5.8,1.6,"-",-0.18,2019-01-02 10:00:00
"936",1.1,"W",5.8,2,"N",-0.16,2019-01-02 09:00:00
"937",1.2,"SE",6.2,1.9,"NNW",-0.11,2019-01-02 08:00:00
"938",1.2,"SE",6,1.8,"NNW",-0.04,2019-01-02 07:00:00
"939",1.2,"SE",6.5,1.8,"-",0.02,2019-01-02 06:00:00
"940",1.2,"SE",6.5,1.8,"-",0.05,2019-01-02 05:00:00
"941",1.1,"S",5.9,1.8,"NNE",0.04,2019-01-02 04:00:00
"942",1.1,"SE",6,2.3,"NNE",-0.03,2019-01-02 03:00:00
"943",1,"SE",5.3,2.5,"NNW",-0.11,2019-01-02 02:00:00
"944",1.2,"SE",6.1,3.3,"NW",-0.19,2019-01-02 01:00:00
"945",1.1,"S",5.8,4,"NW",-0.21,2019-01-02 00:00:00
"946",1.2,"SE",6,4.4,"NW",-0.21,2019-01-01 23:00:00
"947",1.1,"SE",6.1,3.9,"NW",-0.14,2019-01-01 22:00:00
"948",1.3,"SE",6.6,1.4,"WNW",-0.04,2019-01-01 21:00:00
"949",1.2,"SE",6.3,2.5,"WNW",0.1,2019-01-01 20:00:00
"950",1.3,"SE",6.3,2.8,"WNW",0.23,2019-01-01 19:00:00
"951",1.4,"SE",6.8,2.9,"WNW",0.34,2019-01-01 18:00:00
"952",0.9,"SE",6.4,2.7,"NW",0.39,2019-01-01 17:00:00
"953",1,"S",5.9,2.5,"W",0.38,2019-01-01 16:00:00
"954",0.9,"S",5.6,1.9,"WNW",0.31,2019-01-01 15:00:00
"955",1.1,"SE",5.5,2.4,"NW",0.2,2019-01-01 14:00:00
"956",1.1,"S",5.9,3.7,"NW",0.05,2019-01-01 13:00:00
"957",1.1,"SE",5.7,2.6,"WNW",-0.08,2019-01-01 12:00:00
"958",1.2,"S",5.7,2.35,"-",-0.17,2019-01-01 11:00:00
"959",1.1,"SE",5.8,2.1,"N",-0.21,2019-01-01 10:00:00
"960",1.2,"SE",6,4.2,"NW",-0.2,2019-01-01 09:00:00
"961",1.4,"SE",6.7,3.2,"NNW",-0.16,2019-01-01 08:00:00
"962",1.3,"S",6.4,3.1,"N",-0.07,2019-01-01 07:00:00
"963",1,"SE",6,1.8,"NNE",0.02,2019-01-01 06:00:00
"964",1,"SE",6,1.7,"N",0.08,2019-01-01 05:00:00
"965",1.2,"SE",6.8,2.1,"N",0.11,2019-01-01 04:00:00
"966",1,"S",6,1.8,"NNE",0.1,2019-01-01 03:00:00
"967",1.1,"SE",5.7,1.5,"NE",0.05,2019-01-01 02:00:00
"968",1,"SE",5.5,2.2,"NNE",-0.03,2019-01-01 01:00:00
"969",1,"SE",5.4,1.6,"N",-0.1,2019-01-01 00:00:00
"970",1,"SE",5.3,3.4,"NW",-0.115,2019-12-31 23:00:00
"971",1.1,"SE",5.2,3.7,"NW",-0.13,2019-12-31 22:00:00
"972",1.1,"S",5.7,2.4,"NNW",-0.08,2019-12-31 21:00:00
"973",1.1,"S",5.9,3.9,"NW",0,2019-12-31 20:00:00
"974",1.2,"S",6.2,2.4,"W",0.1,2019-12-31 19:00:00
"975",1,"SE",6.2,2.1,"W",0.19,2019-12-31 18:00:00
"976",1,"S",6.3,2,"WNW",0.26,2019-12-31 17:00:00
"977",0.9,"S",6.2,2.7,"WNW",0.29,2019-12-31 16:00:00
"978",0.8,"SE",5.8,3.5,"WNW",0.28,2019-12-31 15:00:00
"979",0.8,"W",5.8,3.8,"WNW",0.2,2019-12-31 14:00:00
"980",0.8,"SE",5.3,4.5,"WNW",0.08,2019-12-31 13:00:00
"981",0.8,"-",5.25,4.5,"NW",-0.06,2019-12-31 12:00:00
"982",0.8,"S",5.2,3.4,"NW",-0.16,2019-12-31 11:00:00
"983",0.8,"SE",5.2,2.4,"NW",-0.23,2019-12-31 10:00:00
"984",0.9,"W",5.1,1.9,"NNW",-0.26,2019-12-31 09:00:00
"985",1.1,"S",5.7,2,"NNE",-0.22,2019-12-31 08:00:00
"986",1,"SW",5.5,2.4,"N",-0.15,2019-12-31 07:00:00
"987",1,"SE",5.4,1.3,"NNE",-0.06,2019-12-31 06:00:00
"988",1.2,"SE",5.7,4.6,"N",0.05,2019-12-31 05:00:00
"989",1,"SE",6.1,5.4,"N",0.14,2019-12-31 04:00:00
"990",0.9,"S",6.2,3.9,"N",0.19,2019-12-31 03:00:00
"991",0.8,"W",5.6,3.1,"N",0.21,2019-12-31 02:00:00
"992",1,"W",5.7,3.9,"NNE",0.18,2019-12-31 01:00:00
"993",1.1,"W",5.1,4,"N",0.13,2019-12-31 00:00:00
"994",1.1,"SW",5.3,5.4,"N",0.05,2019-12-30 23:00:00
"995",1.1,"SE",5.3,4.9,"NNE",0,2019-12-30 22:00:00
"996",1.1,"W",5.1,3.5,"NNE",-0.02,2019-12-30 21:00:00
"997",1.2,"W",5.6,2.6,"N",0,2019-12-30 20:00:00
"998",1.1,"SE",5.2,4.4,"NNW",0.06,2019-12-30 19:00:00
"999",1.3,"SE",5.3,3.6,"NNW",0.12,2019-12-30 18:00:00
"1000",1.1,"SW",5,4.6,"NNW",0.18,2019-12-30 17:00:00
"1001",0.9,"SE",5.4,4.6,"NW",0.24,2019-12-30 16:00:00
"1002",0.8,"SE",6,3.9,"NW",0.27,2019-12-30 15:00:00
"1003",0.8,"SE",6.6,4.9,"NW",0.25,2019-12-30 14:00:00
"1004",0.6,"SE",5.3,4.3,"WNW",0.2,2019-12-30 13:00:00
"1005",0.9,"SE",5.3,3.6,"NW",0.08,2019-12-30 12:00:00
"1006",0.8,"S",5.2,4.3,"NNW",-0.04,2019-12-30 11:00:00
"1007",0.8,"S",5.4,3.8,"NNW",-0.15,2019-12-30 10:00:00
"1008",0.9,"SE",5.6,3.3,"NW",-0.2,2019-12-30 09:00:00
"1009",1,"W",5.9,3.2,"NW",-0.21,2019-12-30 08:00:00
"1010",1,"SE",5.6,1.3,"NW",-0.17,2019-12-30 07:00:00
"1011",1,"W",5.6,1.7,"-",-0.08,2019-12-30 06:00:00
"1012",0.9,"W",6,2.1,"NNE",0.05,2019-12-30 05:00:00
"1013",0.9,"S",6.5,3.3,"NNW",0.18,2019-12-30 04:00:00
"1014",0.9,"SE",6.6,2.8,"NNE",0.29,2019-12-30 03:00:00
"1015",0.9,"S",5.5,3.6,"NNE",0.36,2019-12-30 02:00:00
"1016",0.9,"W",5.2,3.2,"N",0.39,2019-12-30 01:00:00
"1017",1,"SE",5.3,3.6,"NNW",0.36,2019-12-30 00:00:00
"1018",1.1,"SE",5,4.1,"NNW",0.28,2019-12-29 23:00:00
"1019",1,"SW",5.1,3.6,"NNW",0.17,2019-12-29 22:00:00
"1020",1.2,"SE",5.3,5,"NW",0.08,2019-12-29 21:00:00
"1021",1.2,"SE",5.2,3.4,"NW",0.02,2019-12-29 20:00:00
"1022",1.3,"SE",5.6,5.3,"NW",-0.01,2019-12-29 19:00:00
"1023",1.3,"SE",5.8,5.5,"NW",0,2019-12-29 18:00:00
"1024",1.3,"SE",6.4,4.7,"NW",0.05,2019-12-29 17:00:00
"1025",1.3,"E",5.9,2.8,"WNW",0.11,2019-12-29 16:00:00
"1026",1.3,"E",6.5,2.6,"WNW",0.16,2019-12-29 15:00:00
"1027",1.2,"W",6.7,4,"NW",0.18,2019-12-29 14:00:00
"1028",1.1,"NW",6,5.2,"NW",0.18,2019-12-29 13:00:00
"1029",1.3,"SE",6.1,5.3,"WNW",0.12,2019-12-29 12:00:00
"1030",1.3,"S",5.8,2.6,"WNW",0.01,2019-12-29 11:00:00
"1031",1.4,"SE",6.1,2.6,"NW",-0.12,2019-12-29 10:00:00
"1032",1.5,"SE",6.2,2.1,"NNW",-0.23,2019-12-29 09:00:00
"1033",1.2,"SE",5.9,2.4,"N",-0.27,2019-12-29 08:00:00
"1034",1.3,"SE",6,3.8,"N",-0.26,2019-12-29 07:00:00
"1035",1.3,"S",6.6,3.9,"N",-0.19,2019-12-29 06:00:00
"1036",1.3,"SE",6.7,3.3,"N",-0.06,2019-12-29 05:00:00
"1037",1.1,"SE",6.1,3.2,"NNW",0.09,2019-12-29 04:00:00
"1038",1.2,"SE",6.2,4.4,"N",0.25,2019-12-29 03:00:00
"1039",1.2,"SE",6.4,3.5,"NNW",0.4,2019-12-29 02:00:00
"1040",1.1,"SE",6,3.7,"N",0.49,2019-12-29 01:00:00
"1041",1,"SE",5.7,3.8,"N",0.51,2019-12-29 00:00:00
"1042",1.1,"SE",6.1,3,"N",0.48,2019-12-28 23:00:00
"1043",1.1,"S",5.4,3.7,"NNW",0.37,2019-12-28 22:00:00
"1044",1,"S",5.6,5,"NW",0.25,2019-12-28 21:00:00
"1045",0.9,"S",5.5,5.1,"NW",0.12,2019-12-28 20:00:00
"1046",1,"S",5.4,4.3,"NW",0.02,2019-12-28 19:00:00
"1047",1.1,"SE",6.2,3.6,"WNW",-0.02,2019-12-28 18:00:00
"1048",1,"SE",5.9,3,"WNW",-0.04,2019-12-28 17:00:00
"1049",1.2,"SE",6.4,3.7,"W",-0.03,2019-12-28 16:00:00
"1050",1.2,"E",6.7,3.6,"W",0,2019-12-28 15:00:00
"1051",1,"SE",6.9,3.9,"WNW",0.04,2019-12-28 14:00:00
"1052",1,"S",6.5,3.3,"WNW",0.07,2019-12-28 13:00:00
"1053",1,"S",6.3,3.8,"W",0.05,2019-12-28 12:00:00
"1054",1,"SE",5.6,2.1,"WSW",-0.01,2019-12-28 11:00:00
"1055",1,"SE",5.5,1.4,"W",-0.12,2019-12-28 10:00:00
"1056",0.9,"S",5.2,1.4,"-",-0.25,2019-12-28 09:00:00
"1057",1,"SE",5.9,1.1,"NNW",-0.35,2019-12-28 08:00:00
"1058",0.9,"SE",6,2,"N",-0.39,2019-12-28 07:00:00
"1059",0.8,"SE",5.6,2,"NNE",-0.39,2019-12-28 06:00:00
"1060",0.8,"SE",5.4,1.6,"NNW",-0.29,2019-12-28 05:00:00
"1061",1,"SE",6,2.1,"N",-0.14,2019-12-28 04:00:00
"1062",0.9,"SE",5.4,1.9,"NNW",0.04,2019-12-28 03:00:00
"1063",1.1,"W",5.5,3,"NNW",0.24,2019-12-28 02:00:00
"1064",0.9,"SE",6.1,2.5,"NNW",0.44,2019-12-28 01:00:00
"1065",1.1,"SE",5.7,2.3,"NNE",0.55,2019-12-28 00:00:00
"1066",1.1,"SW",5.3,4.4,"NNW",0.58,2019-12-27 23:00:00
"1067",1.1,"SE",5.1,5.2,"NNW",0.53,2019-12-27 22:00:00
"1068",0.9,"SE",5.3,5.5,"NNW",0.42,2019-12-27 21:00:00
"1069",0.9,"SE",5.3,5.6,"NW",0.29,2019-12-27 20:00:00
"1070",0.8,"SE",5.4,6.3,"NW",0.14,2019-12-27 19:00:00
"1071",0.8,"W",5.4,5.8,"NW",0,2019-12-27 18:00:00
"1072",1,"SE",5.2,5.4,"NW",-0.07,2019-12-27 17:00:00
"1073",1,"NW",5,3.3,"WNW",-0.1,2019-12-27 16:00:00
"1074",1,"W",5.8,2.25,"-",-0.1,2019-12-27 15:00:00
"1075",1.1,"W",5.6,1.2,"WSW",-0.07,2019-12-27 14:00:00
"1076",0.8,"SW",5.5,3,"NW",-0.03,2019-12-27 13:00:00
"1077",0.7,"SE",6.1,2.5,"NW",0.01,2019-12-27 12:00:00
"1078",0.6,"SE",5.2,1.9,"NW",0,2019-12-27 11:00:00
"1079",0.7,"W",4.7,4.2,"NNW",-0.08,2019-12-27 10:00:00
"1080",0.8,"SE",4.7,4.4,"N",-0.19,2019-12-27 09:00:00
"1081",0.7,"SE",5,4.7,"N",-0.3,2019-12-27 08:00:00
"1082",0.8,"W",5,5.4,"NNW",-0.4,2019-12-27 07:00:00
"1083",0.7,"NW",4.8,4.6,"NNW",-0.45,2019-12-27 06:00:00
"1084",0.6,"W",4.4,5,"NNW",-0.43,2019-12-27 05:00:00
"1085",0.5,"SE",4.5,2.4,"N",-0.31,2019-12-27 04:00:00
"1086",0.6,"W",4.7,2.7,"NNW",-0.12,2019-12-27 03:00:00
"1087",0.7,"SE",5,4,"NNW",0.1,2019-12-27 02:00:00
"1088",0.8,"SE",5.2,1.6,"N",0.33,2019-12-27 01:00:00
"1089",0.7,"SE",5.1,1.7,"NNE",0.53,2019-12-27 00:00:00
"1090",0.6,"SE",5.1,2.15,"-",0.67,2019-12-26 23:00:00
"1091",0.7,"NW",4.9,2.6,"NW",0.68,2019-12-26 22:00:00
"1092",0.7,"W",5.1,2.6,"NNW",0.63,2019-12-26 21:00:00
"1093",0.7,"SE",5.1,3.9,"NNW",0.53,2019-12-26 20:00:00
"1094",0.7,"SE",5,4.6,"NNW",0.36,2019-12-26 19:00:00
"1095",0.6,"SE",4.7,6.6,"NNW",0.18,2019-12-26 18:00:00
"1096",0.7,"W",4.4,6.9,"NW",0.01,2019-12-26 17:00:00
"1097",0.7,"SE",4.7,6.9,"NNW",-0.07,2019-12-26 16:00:00
"1098",0.7,"SE",4.5,6.3,"NW",-0.09,2019-12-26 15:00:00
"1099",0.8,"SE",5.1,6.2,"NW",-0.11,2019-12-26 14:00:00
"1100",0.8,"NW",5.4,5.9,"NW",-0.07,2019-12-26 13:00:00
"1101",0.8,"SE",5.4,4.2,"NNW",-0.03,2019-12-26 12:00:00
"1102",0.6,"SE",6.6,3.7,"NNW",0.02,2019-12-26 11:00:00
"1103",0.6,"SE",5.6,3.4,"NW",0.02,2019-12-26 10:00:00
